Student_ID,Name,Age,Gender,Major,Year,GPA,Credits_Completed,Study_Hours_Week,Extracurricular_Hours,Part_Time_Job,Scholarship,Hometown_Distance_km
STU1000,Student_AA,21,Female,Mathematics,4,3.878393937013996,85,28.48951933709232,3.347273932949654,No,Yes,9.598378038979403
STU1001,Student_AB,23,Male,Chemistry,1,3.475279316408611,49,5.0,1.9349488130209194,Yes,No,565.8820411238472
STU1002,Student_AC,21,Female,Psychology,2,3.437006673734806,36,5.0,0.3936384556713217,Yes,No,44.96425804125496
STU1003,Student_AD,19,Female,Biology,3,3.554010618180511,41,29.72165759408448,0.24689306720396553,No,Yes,111.98796211929977
STU1004,Student_AE,20,Male,Psychology,1,3.2256069606208344,110,6.721221429586839,4.342817490129033,Yes,No,267.93765032119325
STU1005,Student_AF,25,Female,Chemistry,1,3.351275537082732,86,5.0,0.886452647484578,Yes,Yes,90.77999210521172
STU1006,Student_AG,22,Female,Engineering,2,3.7654915853517306,114,17.308885996900468,2.737602414703937,Yes,Yes,146.828317676414
STU1007,Student_AH,24,Male,Chemistry,1,3.361590196670133,51,51.160118673805556,1.6294831818325304,No,No,27.460263495115758
STU1008,Student_AI,25,Female,Biology,3,3.8810055795472143,47,29.85259966167491,0.012542273878096921,No,No,1.5769893978448748
STU1009,Student_AJ,20,Male,Chemistry,2,3.4723217067060452,13,32.00718645164021,5.839290130398997,Yes,Yes,180.93609984683724
STU1010,Student_AK,22,Male,Economics,3,3.713582276520431,115,15.268507229636956,1.8159562643555052,No,No,270.01918642828997
STU1011,Student_AL,23,Female,Mathematics,1,3.9404566433206174,130,5.0,1.6900372535313748,No,No,10.178016330971687
STU1012,Student_AM,22,Male,Biology,2,3.4449808282125054,92,9.175198927966054,6.746849404044049,Yes,No,4.523289243183137
STU1013,Student_AN,23,Female,Chemistry,2,2.9215828236295063,109,12.911834904815894,0.21554363706776514,Yes,No,2476.76594244565
STU1014,Student_AO,23,Female,Biology,3,3.553706088867277,61,23.097198076309496,0.819860043764959,Yes,No,3.927800287524736
STU1015,Student_AP,22,Female,Mathematics,4,3.5155583530640158,122,16.93651862461445,7.308702295784011,No,No,103.60678752841743
STU1016,Student_AQ,25,Female,Computer Science,4,3.487313809641886,80,12.111023951481544,3.847015529405116,Yes,No,73.51266093454039
STU1017,Student_AR,19,Male,Mathematics,2,3.2874768812864463,82,27.61610911965515,0.07258561098918712,No,No,638.3583583285313
STU1018,Student_AS,21,Female,Psychology,4,3.34897020819401,100,8.17648242569119,0.5782303173684762,Yes,Yes,13.357922924612321
STU1019,Student_AT,18,Female,Mathematics,1,3.5888113529498424,128,9.285748903338785,0.2568013290191014,No,No,101.20501043188867
STU1020,Student_AU,21,Female,Biology,1,3.4956533170741357,116,8.340329292625972,2.988624154089359,Yes,Yes,77.01698142181208
STU1021,Student_AV,23,Male,Psychology,4,3.3150764111266664,50,16.973455333448932,1.0392022845727675,No,No,78.64089919200369
STU1022,Student_AW,23,Male,Chemistry,4,3.597185151112234,96,9.680742643234021,2.032832272846649,Yes,No,161.81664504102147
STU1023,Student_AX,20,Female,Economics,4,3.351369890965694,105,20.013926572645886,0.41952133424849347,No,No,86.90173104764455
STU1024,Student_AY,24,Female,Chemistry,4,3.1527570242807412,135,16.778935193916027,2.6659514886800983,Yes,No,297.0787359508427
STU1025,Student_AZ,22,Male,Economics,1,2.970947683050099,70,18.98556234753849,3.972502346365731,No,No,18.754743258494674
STU1026,Student_BA,20,Male,Chemistry,3,3.5047484818346257,80,5.0,1.9372788907003313,Yes,Yes,284.58047512133584
STU1027,Student_BB,20,Female,Biology,4,3.3848584441338443,143,14.202538635588093,1.2154351426784045,Yes,No,171.39188060031805
STU1028,Student_BC,21,Male,Biology,4,3.621903984901893,130,9.659548565473239,2.891956286434401,No,No,18.67419262435793
STU1029,Student_BD,18,Female,Chemistry,1,3.7840214191236083,88,16.005324721705414,2.8343881879897395,No,Yes,5.125391304309929
STU1030,Student_BE,22,Female,Chemistry,3,3.214255582622857,84,15.393445212007588,1.6520581337035303,Yes,No,7.808488216330821
STU1031,Student_BF,18,Female,Biology,1,3.2546120999016273,146,12.489684554672923,9.676503588544037,Yes,No,24.57368944755193
STU1032,Student_BG,23,Male,Chemistry,2,3.8023343711814492,43,9.41624831934303,1.3193043331425707,No,No,24.7647695538501
STU1033,Student_BH,24,Female,Physics,2,3.597895983314046,116,5.0,3.1561356311281425,No,No,103.39208880505649
STU1034,Student_BI,24,Male,Chemistry,4,3.4282846475448587,31,8.78948097609288,4.07180181764321,Yes,No,9.917405676030734
STU1035,Student_BJ,18,Male,Computer Science,1,3.508196878074145,113,5.0,4.9442316200096865,No,No,24.5064809675578
STU1036,Student_BK,19,Male,Engineering,2,3.519414662888913,26,8.303758172516797,1.130395414330258,Yes,No,24.245168763022768
STU1037,Student_BL,20,Female,Chemistry,1,3.729352816050806,128,13.271844972955105,0.5800159316505207,Yes,No,20.12733231019928
STU1038,Student_BM,18,Female,Biology,3,3.7445036711299844,48,5.507126553421148,0.8981076692161221,Yes,No,43.10109150144426
STU1039,Student_BN,22,Female,Psychology,3,3.606428316274359,149,7.202400296184679,2.120994080740398,Yes,No,168.5890423793156
STU1040,Student_BO,20,Female,Biology,3,3.3578363826418034,64,13.608537059045144,3.6352054060220045,No,No,135.74575692795273
STU1041,Student_BP,21,Male,Computer Science,1,3.6681082168672976,119,10.97230431499856,0.07085071303144888,Yes,Yes,589.3635575116413
STU1042,Student_BQ,24,Female,Physics,4,3.580315585848961,26,18.978469489800347,1.1947764627604054,No,No,12.41200727020177
STU1043,Student_BR,25,Male,Physics,3,3.8596204429227434,74,17.631393126862676,14.86918941926536,Yes,No,55.001576340511676
STU1044,Student_BS,18,Male,Biology,2,3.927989930546852,79,12.27574821976219,2.789856440113937,Yes,No,184.23288657021567
STU1045,Student_BT,18,Female,Mathematics,4,3.7831160016198773,83,8.653063855745165,1.5358212192199299,No,No,23.666588640556927
STU1046,Student_BU,23,Female,Computer Science,2,3.9298451108075936,117,8.28432411419065,2.8376611282160713,Yes,Yes,43.809284136255826
STU1047,Student_BV,21,Female,Mathematics,1,3.4983454958439344,135,5.0,2.1184085571371236,No,No,13.505042383677651
STU1048,Student_BW,21,Female,Computer Science,3,3.683060382076437,56,8.66457956696511,0.39696163108728066,Yes,No,8.22120949751524
STU1049,Student_BX,23,Female,Psychology,3,3.597911921667221,78,5.0,0.9272282622856265,Yes,No,179.28191156242178
STU1050,Student_BY,23,Female,Economics,2,3.4748653583834264,81,7.8069164929818236,0.8771913278234653,Yes,Yes,25.352652426516155
STU1051,Student_BZ,20,Female,Psychology,4,3.8235816740634103,142,15.051156423261496,0.0019890909958049973,No,No,16.84011429609703
STU1052,Student_CA,24,Female,Physics,1,3.410173374707316,85,18.45819619798437,0.6383987296292721,Yes,No,32.65364078797831
STU1053,Student_CB,23,Male,Economics,2,3.7179820611614742,37,14.119448838229891,0.8556282230417565,No,Yes,395.4646081636744
STU1054,Student_CC,24,Male,Biology,1,3.892958987538284,139,16.3829894108608,4.857278765755163,No,Yes,9.848412349902613
STU1055,Student_CD,21,Female,Economics,1,3.7154842980552116,109,13.195488763087013,0.7815323631294102,No,No,3.664359252356982
STU1056,Student_CE,18,Male,Chemistry,3,3.128349609581613,48,13.250482237234449,1.542484934667262,Yes,Yes,123.75169529320793
STU1057,Student_CF,19,Female,Physics,1,3.352977968388156,93,9.679510770500157,4.6271033149733665,No,No,98.24533638809021
STU1058,Student_CG,24,Male,Engineering,3,3.8809622406253426,42,15.448304791644984,2.566334318349649,Yes,No,108.27630471028324
STU1059,Student_CH,20,Male,Psychology,2,3.359418771067115,130,19.558093655860294,0.3676422659141399,Yes,Yes,9.039276931240583
STU1060,Student_CI,23,Female,Computer Science,1,3.749564721204804,133,30.234994819860024,9.995514409800276,Yes,Yes,382.1676266403334
STU1061,Student_CJ,19,Female,Economics,1,3.2287682729082015,62,6.852647690823016,2.2317902497794266,No,Yes,4.400475742734425
STU1062,Student_CK,24,Male,Engineering,4,2.877703763039508,15,8.1342743106,0.07776382746541151,Yes,Yes,185.10699129154213
STU1063,Student_CL,22,Male,Biology,4,3.836227054739118,94,23.549836399446814,9.03315059978256,Yes,No,21.145179527959947
STU1064,Student_CM,22,Female,Computer Science,4,3.7055205492476286,38,11.585056171786373,1.0267615892886233,Yes,No,35.8385652722192
STU1065,Student_CN,19,Female,Chemistry,3,3.8903094341615025,14,15.02261395989118,18.604438818014913,No,No,796.5523395648394
STU1066,Student_CO,21,Male,Economics,2,3.7294352866921363,68,38.636342183005134,4.407027274239972,Yes,No,39.41013731499336
STU1067,Student_CP,25,Female,Physics,2,3.374295461856722,26,25.2222796761208,1.0704199592326866,Yes,Yes,4.237576835488198
STU1068,Student_CQ,21,Male,Mathematics,3,3.521774886908287,70,28.311945155835033,6.38724235707715,No,Yes,4.540843457540797
STU1069,Student_CR,21,Female,Engineering,3,2.967832918314183,105,19.439833026678492,1.3532458781628267,Yes,No,671.080602021456
STU1070,Student_CS,23,Male,Computer Science,4,3.682057990464809,32,30.57045790747481,1.7222897689675118,Yes,Yes,2.562287210962025
STU1071,Student_CT,20,Female,Computer Science,4,3.5090131410931438,132,11.897171074307323,2.1550706815925635,No,No,915.5567354557496
STU1072,Student_CU,24,Female,Computer Science,3,3.600050077523046,43,21.515948739422907,2.8101289065744672,No,Yes,78.79881812392814
STU1073,Student_CV,23,Male,Physics,4,3.5062374634005473,81,9.321058386389907,0.016424311120323398,No,No,324.65348894706864
STU1074,Student_CW,19,Female,Computer Science,3,3.671077547251125,141,26.3611110094988,0.3360886748399068,No,No,30.602523457931188
STU1075,Student_CX,22,Female,Chemistry,3,3.324815905171709,98,5.974117464561357,4.968078912412503,Yes,No,449.0633427369872
STU1076,Student_CY,24,Female,Physics,2,3.8600007964179395,125,5.0,2.4435347759556048,Yes,No,19.4885752923471
STU1077,Student_CZ,19,Female,Physics,3,3.8901725366672237,16,26.8328266421894,2.4743789880710603,Yes,Yes,34.90008287460297
STU1078,Student_DA,22,Female,Biology,2,3.0408253989003136,26,12.858842414423929,1.5732270375415336,Yes,No,18.456965024323534
STU1079,Student_DB,23,Male,Biology,1,3.8768940364794813,132,17.16925408699642,2.56993354193789,No,No,3269.271692454218
STU1080,Student_DC,21,Female,Computer Science,1,3.6827806423583205,92,21.99082204381339,0.556831867876326,Yes,Yes,381.8068414080233
STU1081,Student_DD,23,Male,Physics,1,3.73519275674413,55,10.859875740941387,1.6524704113204753,No,Yes,8.881034624474879
STU1082,Student_DE,20,Female,Psychology,2,3.040802879226838,90,10.511243764285766,0.6048790277116632,No,No,6.179344459051408
STU1083,Student_DF,20,Male,Engineering,1,3.4667456634771288,98,10.838931143604032,5.008447216226884,Yes,No,96.5865975676625
STU1084,Student_DG,22,Male,Chemistry,1,3.8042474390024656,58,5.0,2.909804980148728,No,No,86.12474878095986
STU1085,Student_DH,25,Male,Economics,3,3.248905632580053,67,31.107637172695462,0.8811665060208842,Yes,Yes,2.4935469104000294
STU1086,Student_DI,23,Male,Chemistry,4,3.924051281147879,122,9.135364152600609,1.9881239930609569,Yes,Yes,89.57613654383779
STU1087,Student_DJ,22,Female,Biology,2,3.7723234631696485,84,15.052935092775117,0.20537968466235665,No,No,38.157347662811915
STU1088,Student_DK,21,Female,Computer Science,1,3.7823978972025403,28,17.022875149870437,1.4412433527907043,No,No,388.9397509301804
STU1089,Student_DL,23,Female,Biology,4,3.2738164500581197,83,26.516509979461027,7.004462805735306,Yes,No,5.24738990788263
STU1090,Student_DM,25,Male,Mathematics,3,3.930589214622506,125,5.0,0.38745043976463467,No,Yes,114.28529796310575
STU1091,Student_DN,20,Male,Biology,3,3.4382251203121585,89,9.586795002678505,9.368882347038479,Yes,No,46.562252173820795
STU1092,Student_DO,19,Female,Psychology,1,3.4606610813438183,38,11.852947478067914,1.096192495523277,No,No,25.29772106552576
STU1093,Student_DP,20,Female,Biology,4,3.6908050091739386,89,16.008452597996794,1.0963961421239201,No,No,4.7959838544021665
STU1094,Student_DQ,21,Male,Biology,4,3.9173808271727593,110,16.908491663721694,1.5923457728721062,No,No,1229.4391422133824
STU1095,Student_DR,22,Female,Chemistry,2,3.5788448100444303,127,7.844884969892439,4.8186886947054575,Yes,Yes,81.26435988323261
STU1096,Student_DS,19,Female,Mathematics,1,3.818569189333688,65,6.56076759943053,1.8101887814392574,Yes,No,26.78846827049477
STU1097,Student_DT,22,Female,Mathematics,1,3.2794811734801064,127,26.357268508161017,6.547317805481515,No,No,623.0485118949458
STU1098,Student_DU,25,Male,Computer Science,3,3.5623869475231924,59,18.532774876955067,6.2993178089992,Yes,No,1447.8721924719027
STU1099,Student_DV,21,Male,Economics,4,3.4129044415012113,147,22.356853988949123,0.6816623028417945,Yes,Yes,62.38269221267277
STU1100,Student_DW,21,Female,Physics,3,3.4411247130886498,145,7.681419179530464,3.97537449700819,No,No,182.44160117573657
STU1101,Student_DX,24,Female,Physics,1,3.932888787337882,36,15.074729540442808,0.8978518704538285,Yes,No,16.096805209485307
STU1102,Student_DY,22,Other,Economics,3,3.6410593813045042,112,9.377321944947782,0.5081430225454322,No,No,193.49206809505313
STU1103,Student_DZ,23,Female,Chemistry,2,3.85004026899331,147,26.37791569461353,11.45831684894333,Yes,Yes,17.832779449912156
STU1104,Student_EA,19,Female,Physics,1,3.7405514302755423,65,12.841464321284292,0.37234069025038996,No,Yes,83.64172844614319
STU1105,Student_EB,18,Male,Mathematics,1,3.4716071024314115,40,21.008448172077898,1.006676308354249,Yes,No,323.305134150573
STU1106,Student_EC,25,Female,Biology,4,2.990931457932314,68,18.277548217429057,0.3865676927316387,Yes,No,41.51990534189331
STU1107,Student_ED,25,Female,Chemistry,1,3.5152748708710084,67,21.847913910111735,0.9373325643678043,Yes,No,28.964752733485412
STU1108,Student_EE,24,Male,Mathematics,4,3.758235848497055,138,5.802504898852298,2.683251938891149,No,No,32.71525404934265
STU1109,Student_EF,24,Female,Psychology,1,3.2888013825061906,99,16.263646242830404,6.181887828000223,Yes,No,92.25695984636722
STU1110,Student_EG,19,Female,Economics,4,3.3630760982126473,33,20.91432043446214,2.0177652600593676,Yes,No,183.8738504110152
STU1111,Student_EH,24,Female,Engineering,1,3.7649865819898425,59,8.14718096915396,6.403988522308325,No,No,72.6219987947409
STU1112,Student_EI,25,Male,Chemistry,1,3.1691469585120693,112,17.45116419310712,3.795829628427195,Yes,No,880.2705348593396
STU1113,Student_EJ,22,Male,Psychology,4,3.614703347201612,18,12.111017614466796,3.2968416367171143,No,Yes,2.385367555865396
STU1114,Student_EK,19,Male,Biology,3,3.1734040241286703,32,6.195608593663245,2.128776201087845,No,No,41.28775099540773
STU1115,Student_EL,21,Female,Mathematics,1,3.5788406486431423,114,5.967579105691239,1.2878895506167092,Yes,No,114.73337659088796
STU1116,Student_EM,25,Female,Chemistry,1,3.587469352204434,141,9.678696388324349,5.354640236960419,Yes,No,3.81441289934939
STU1117,Student_EN,19,Female,Psychology,1,3.23260416522664,54,19.022588888282925,2.5781131399746355,Yes,No,634.2308224619388
STU1118,Student_EO,25,Female,Psychology,3,3.8144105225789446,27,5.771407903665731,6.8106435392582,No,No,16.861789405310095
STU1119,Student_EP,22,Male,Psychology,1,3.766361181770372,13,11.272029974693032,7.610187754064073,No,Yes,40.82714795414814
STU1120,Student_EQ,23,Male,Computer Science,1,3.7326099768131398,29,12.06162158372059,1.4712695914161242,No,Yes,302.55711032075624
STU1121,Student_ER,19,Female,Biology,2,3.7093094490389626,119,5.0,2.4477266365731376,Yes,No,59.66997573969603
STU1122,Student_ES,20,Female,Chemistry,2,3.818755201266609,104,11.041513154316597,7.583737437842652,No,No,52.05783414364375
STU1123,Student_ET,18,Female,Mathematics,1,3.687587583093374,81,29.087168536439933,2.7306227329380306,No,No,24.654767341956436
STU1124,Student_EU,24,Male,Mathematics,1,3.6840891692912514,24,20.528087458070715,8.00637955228879,No,No,692.6471218034462
STU1125,Student_EV,24,Male,Physics,3,3.735844013835946,126,14.399656013328453,1.625750190028606,Yes,No,31.73712564232107
STU1126,Student_EW,22,Male,Mathematics,4,3.3509731277892705,127,34.29193613095157,0.2229129858969876,Yes,No,202.45434050136083
STU1127,Student_EX,18,Male,Mathematics,3,3.647789955258797,31,25.168274425389285,1.9456716068639421,Yes,No,2.7830071951688446
STU1128,Student_EY,21,Other,Engineering,2,3.8671558265361514,70,12.223396557050794,2.901167408035125,Yes,No,216.32397079740554
STU1129,Student_EZ,18,Female,Computer Science,1,3.7298090728780595,89,14.720370349726725,7.580916547822278,Yes,No,3.2343036948592516
STU1130,Student_FA,22,Male,Physics,3,3.7219990139682677,62,5.235010896208818,2.2925984770721293,No,Yes,8.22555784631026
STU1131,Student_FB,25,Female,Chemistry,1,3.837212553644589,87,12.244331124314105,6.560266896788771,Yes,No,17.05308061030085
STU1132,Student_FC,21,Male,Computer Science,2,3.28564025384144,63,9.321411307083864,0.7166932361954067,Yes,No,3.5576202747795276
STU1133,Student_FD,24,Male,Physics,4,3.683038710767665,80,14.723878624165403,2.9905301097363317,Yes,No,18.451173184838847
STU1134,Student_FE,25,Female,Biology,1,3.687520522024264,44,18.39040749029842,6.779836642727998,No,No,16.196995496995665
STU1135,Student_FF,24,Male,Computer Science,3,3.837916801450656,109,14.879221860407254,0.4005924920542183,Yes,Yes,26.308677440657803
STU1136,Student_FG,18,Female,Economics,2,3.7084805568648314,15,13.990316675249627,1.2702410925556256,No,No,211.72637299179308
STU1137,Student_FH,23,Female,Engineering,3,3.685226457965622,80,17.80749227527803,0.15571175268749685,No,No,675.939340926058
STU1138,Student_FI,25,Male,Mathematics,3,3.829569672847869,49,12.885699304928352,3.1254372626271243,No,Yes,298.8236133263398
STU1139,Student_FJ,22,Male,Economics,4,3.8929214768132008,67,8.202841071532836,3.980558113832269,Yes,Yes,5.890195854332365
STU1140,Student_FK,22,Male,Engineering,3,3.3979221048210535,95,5.0,0.3911326601911896,Yes,No,107.89444283531324
STU1141,Student_FL,20,Male,Physics,2,3.8582272811907883,107,9.701218617293087,1.7009099113573307,No,No,236.5915879555823
STU1142,Student_FM,18,Male,Physics,2,3.45879494345246,68,25.46200877222998,3.718745796259335,Yes,No,104.85764927168613
STU1143,Student_FN,20,Female,Biology,2,3.7090452784746013,39,5.377150389360845,1.5890284960147683,Yes,No,12.956858119272594
STU1144,Student_FO,19,Male,Physics,4,3.7305879611909982,127,5.121536643083222,0.640136263343296,No,No,25.14500354257038
STU1145,Student_FP,22,Male,Computer Science,3,3.683925883734588,34,8.950971176808242,2.7318649557471906,Yes,No,19.242969342147692
STU1146,Student_FQ,23,Female,Physics,4,3.625114754956186,99,13.44497586427389,0.195099166114662,No,Yes,62.7160101215256
STU1147,Student_FR,25,Female,Psychology,3,2.8356988130094205,125,21.2468582706787,1.8007785814184671,Yes,Yes,350.3563053962938
STU1148,Student_FS,21,Female,Biology,3,2.9018094521494056,77,22.586064417194738,0.4471533393384999,Yes,Yes,34.04144494493979
STU1149,Student_FT,23,Male,Physics,1,3.7089950380151335,91,13.282567479225813,1.1083957142374148,Yes,No,42.100673854686235
STU1150,Student_FU,22,Male,Biology,4,3.7250807552464598,63,14.257478880956146,3.367655853818848,No,No,450.8866038210707
STU1151,Student_FV,22,Male,Psychology,2,3.735980956753105,116,9.32022849524743,1.5019651930697102,Yes,Yes,357.0904078411245
STU1152,Student_FW,19,Male,Mathematics,4,3.523767013828955,91,5.0,6.792621681814327,No,No,12.349485126548053
STU1153,Student_FX,21,Female,Biology,4,3.8263540063281436,91,18.39144890188185,3.8029457377918243,Yes,Yes,811.4793436237236
STU1154,Student_FY,24,Female,Biology,2,3.7859516689764385,53,12.777286103169834,3.451112310509102,No,No,66.08716406807244
STU1155,Student_FZ,20,Female,Mathematics,3,3.8951802149815973,80,18.197179074232555,0.8242168807001464,Yes,No,23.9074045012515
STU1156,Student_GA,22,Male,Mathematics,2,3.8276746021332166,129,19.989889539291305,1.079592867284186,No,No,2.1205826060547954
STU1157,Student_GB,20,Male,Physics,3,3.4156847113127182,116,21.743155190070496,2.7697075030985747,Yes,No,136.9075395718277
STU1158,Student_GC,20,Female,Chemistry,1,3.3894699882835218,25,27.994886388876168,0.37705142040431827,Yes,No,1.5034837936486436
STU1159,Student_GD,23,Male,Computer Science,3,3.855242399368637,137,10.2488523196008,9.317759009856847,No,Yes,50.38786712396359
STU1160,Student_GE,25,Female,Psychology,2,3.8722020932030037,18,30.558688093639116,4.568720405672433,Yes,Yes,479.5355163332516
STU1161,Student_GF,21,Female,Economics,4,3.556741581264199,100,16.61323767239977,0.006581527201271992,Yes,No,3870.0203492413766
STU1162,Student_GG,20,Female,Biology,3,3.4968512151397233,131,11.330557325103914,0.051846934451287366,Yes,No,1.2812405569558991
STU1163,Student_GH,25,Female,Physics,3,3.5693775395768137,114,20.690771955970146,1.3919469322276816,Yes,No,86.97741762142431
STU1164,Student_GI,20,Female,Engineering,2,3.449782716539371,42,8.906040180596221,0.037617347363635284,No,No,2.2107948100488017
STU1165,Student_GJ,19,Male,Mathematics,1,2.7757977526826063,146,7.99077272097069,3.659508818648436,No,No,40.15319315190123
STU1166,Student_GK,18,Male,Biology,4,3.899117544087755,135,7.480309104885801,0.5602659546138167,Yes,No,18.76462015630465
STU1167,Student_GL,24,Other,Physics,2,2.699480344850604,119,8.134545360139299,3.568530878870253,Yes,Yes,18.862944379602087
STU1168,Student_GM,23,Female,Computer Science,4,3.877910525337975,118,39.27201655885634,2.4323054855775452,No,Yes,813.4460683046178
STU1169,Student_GN,23,Male,Biology,4,3.498670178574351,46,11.7267870732672,0.4111216984947992,Yes,No,163.26658166472737
STU1170,Student_GO,22,Male,Biology,1,3.528536410095909,16,15.208484927565987,0.03711243429215187,No,No,26.455469133186476
STU1171,Student_GP,25,Male,Economics,4,3.765625391953674,91,16.436169814543632,1.6781406822786296,No,No,163.1330170371043
STU1172,Student_GQ,23,Female,Mathematics,3,3.2930859779369905,145,23.127823213955985,4.792526732376335,Yes,No,71.69763828302194
STU1173,Student_GR,19,Male,Engineering,4,3.8770583068438507,140,15.199037782052953,1.2263129217723154,Yes,No,1239.9663664287834
STU1174,Student_GS,22,Male,Economics,3,3.7767439667435365,89,13.171217587261765,0.3177952963629337,Yes,Yes,57.48389114942293
STU1175,Student_GT,23,Female,Mathematics,1,3.7283453791629455,70,14.082947618524347,0.5679574496797544,Yes,No,71.40786628809346
STU1176,Student_GU,19,Female,Chemistry,2,3.6086608693692384,88,12.536086692926949,3.800887446026058,Yes,No,0.5299502620182429
STU1177,Student_GV,21,Female,Chemistry,1,3.6828256763870515,73,5.0,2.737300482156817,Yes,Yes,218.88348949110957
STU1178,Student_GW,23,Male,Chemistry,1,3.3016324356466002,42,13.176495239870707,1.2224655093977097,Yes,No,602.0627383230182
STU1179,Student_GX,19,Female,Biology,3,3.41334379071143,27,5.482163933650531,6.096967308854392,Yes,Yes,47.42859496244237
STU1180,Student_GY,23,Female,Biology,3,3.078385737601827,28,9.09257462026763,0.8959910595470273,Yes,Yes,196.79014866273906
STU1181,Student_GZ,24,Female,Psychology,4,3.8469840975185248,75,19.92532529831923,6.536313406863144,Yes,Yes,123.60587913183907
STU1182,Student_HA,18,Male,Economics,1,3.466588081496853,132,21.152213799840823,2.8835427171107546,No,No,339.2702157605206
STU1183,Student_HB,20,Male,Biology,3,3.184686095172972,105,12.633117547476918,0.2500222797204935,No,No,174.6206025592234
STU1184,Student_HC,18,Female,Mathematics,2,3.18881367513536,52,5.0,1.9287882805784018,Yes,No,872.6101714554411
STU1185,Student_HD,18,Female,Chemistry,1,2.994427904467726,114,13.572098588957992,2.877534872062655,Yes,No,98.80445303726714
STU1186,Student_HE,21,Male,Engineering,1,3.498579515302742,26,7.036895337985964,0.38875503847200366,Yes,No,641.575754493967
STU1187,Student_HF,21,Male,Psychology,4,3.529770239748649,52,5.0,0.5153183716305781,Yes,Yes,38.17269807188202
STU1188,Student_HG,18,Female,Mathematics,3,3.4267206568215878,87,11.48482896410586,3.642862700910373,Yes,No,4.641347133466885
STU1189,Student_HH,23,Female,Physics,1,3.4253393656644358,139,11.122693664911287,6.61642197615569,Yes,No,23.864265831658326
STU1190,Student_HI,23,Female,Physics,2,3.6709643872135196,87,31.678457994302303,1.0470028922192853,Yes,Yes,142.72734219454793
STU1191,Student_HJ,24,Female,Engineering,4,3.4900694160147334,117,11.394627804472787,6.666677455906164,No,No,1.5398319011593684
STU1192,Student_HK,23,Male,Engineering,4,2.9204308920278086,141,12.422624804156573,5.265262226745833,No,No,19.944765983783906
STU1193,Student_HL,20,Male,Physics,4,3.5053018718426863,51,11.478033672304129,5.508859307421198,Yes,No,7.900477066609948
STU1194,Student_HM,19,Female,Computer Science,1,3.910101190929482,142,16.04808285154449,2.2577133878517825,Yes,No,18.812974173566694
STU1195,Student_HN,24,Male,Computer Science,2,3.546116774967291,76,12.046436424425448,6.683424645117009,Yes,No,426.17715041751836
STU1196,Student_HO,24,Female,Computer Science,1,3.660085151513381,27,5.0,1.9585021555271356,Yes,Yes,35.63220491427317
STU1197,Student_HP,24,Male,Mathematics,1,3.835572792056536,134,42.136812673068356,3.4552609150069578,No,No,179.93234730683784
STU1198,Student_HQ,23,Female,Biology,3,3.980494546726092,119,9.768555542106522,0.5705510344362508,Yes,No,41.531824068870364
STU1199,Student_HR,21,Female,Engineering,4,3.893976475141713,145,5.371651247425396,0.02734244497783648,No,No,883.8803208185366
STU1200,Student_HS,25,Male,Economics,3,3.856932085585287,137,8.855865067317007,6.606893798694639,No,No,294.7670418954746
STU1201,Student_HT,21,Male,Physics,3,3.5006461431250733,12,15.976427210879722,0.07954773553151263,Yes,No,3.733137517958597
STU1202,Student_HU,23,Female,Economics,4,3.5749204188933863,140,12.153024757385506,0.029729477229593883,Yes,No,4.772336759267995
STU1203,Student_HV,18,Female,Psychology,3,3.7265472105839157,29,9.608874064605974,2.013172407214579,Yes,No,14.704034545285284
STU1204,Student_HW,24,Other,Physics,2,3.6299617046668424,104,7.629964119604385,6.316166129729092,No,No,94.76482120120686
STU1205,Student_HX,23,Male,Chemistry,2,3.8395784725738187,82,10.87784705070759,7.376566015314293,Yes,No,253.61340783737995
STU1206,Student_HY,18,Male,Chemistry,2,3.562397817386255,89,22.13783856309739,3.7319174571894327,No,Yes,75.81008130134761
STU1207,Student_HZ,18,Male,Mathematics,2,3.933429499587186,96,11.203034953540602,19.466213552974075,No,No,1811.6623614328546
STU1208,Student_IA,25,Female,Engineering,3,3.83550369363056,43,6.599945216810622,3.674350819936695,Yes,No,111.57635963339781
STU1209,Student_IB,24,Male,Psychology,2,3.7914153267646213,84,5.462542708247327,6.118824489168706,Yes,No,149.92141070575371
STU1210,Student_IC,25,Male,Chemistry,4,3.1543117494854984,122,35.91528938797322,4.723118871081529,Yes,No,47.27969102136572
STU1211,Student_ID,24,Male,Computer Science,2,3.4570028936988875,94,9.452039245730434,1.437405762029522,Yes,No,17.34764953840459
STU1212,Student_IE,25,Female,Economics,3,3.5639669673623304,130,5.728553681073581,1.7007647237072119,No,No,513.9228369485282
STU1213,Student_IF,21,Male,Chemistry,3,3.348938009286426,35,24.618167652646427,4.819378132765396,Yes,No,48.88178740111144
STU1214,Student_IG,23,Male,Mathematics,3,3.8467053867939276,125,19.477814679466295,2.762863459590781,Yes,No,51.327544825968594
STU1215,Student_IH,25,Female,Engineering,1,3.5823354241978755,31,18.69045934989263,7.424902559550356,No,No,340.332957811454
STU1216,Student_II,20,Female,Psychology,4,3.7699609019892364,138,18.965659760402307,2.454142600769597,No,No,69.01393250452428
STU1217,Student_IJ,20,Male,Mathematics,4,3.459046618847061,73,18.699060533872572,8.834985225113112,No,No,15.133274055665884
STU1218,Student_IK,19,Male,Psychology,4,3.631659102101815,123,6.638921534878174,1.5911618879151872,No,Yes,122.81676992418829
STU1219,Student_IL,20,Female,Chemistry,4,2.8935020040222126,76,5.0,5.242458582019546,Yes,Yes,161.66328900583486
STU1220,Student_IM,19,Male,Economics,2,3.424317883118469,18,21.175608339414165,5.88673574807936,Yes,No,5.237518176742919
STU1221,Student_IN,20,Female,Engineering,1,3.873789625499679,18,20.51197452521018,1.2671578025679135,No,No,68.87504271533003
STU1222,Student_IO,22,Male,Psychology,3,3.348782381791458,97,7.454376006499874,1.634639981531823,Yes,No,337.8969953874851
STU1223,Student_IP,18,Male,Biology,4,3.8202750072199025,80,18.11569728713939,3.693840434821047,Yes,No,9.25579696769169
STU1224,Student_IQ,22,Female,Economics,3,3.8040924977961854,21,17.21378305385057,4.092282908746304,Yes,No,124.23009835207723
STU1225,Student_IR,20,Male,Mathematics,4,3.5494101287923825,87,11.490615533580556,1.434551203943907,Yes,Yes,24.07408492147335
STU1226,Student_IS,24,Female,Economics,1,3.872245094723875,98,8.139775965614493,3.3480928234726814,Yes,No,200.6739764536526
STU1227,Student_IT,21,Male,Computer Science,2,3.452843505456143,43,20.6063818079901,1.3411218450821045,Yes,No,15.050782955359704
STU1228,Student_IU,23,Male,Computer Science,4,3.850665198593213,105,23.64271402316713,5.720929026556711,Yes,No,46.81326273683951
STU1229,Student_IV,19,Male,Computer Science,4,3.807172165422702,68,9.804938146040257,2.7620125425711666,No,No,168.35224135943764
STU1230,Student_IW,24,Female,Chemistry,3,3.5989913188515863,108,7.7654539921758445,2.315054932671481,Yes,No,4.368991544620146
STU1231,Student_IX,18,Male,Computer Science,1,3.2131509444579596,145,33.67033536878255,5.624804964507808,Yes,Yes,63.181485300450426
STU1232,Student_IY,19,Female,Physics,4,3.406002111707882,149,31.89405586242648,0.25701397362080175,Yes,Yes,27.877432337497776
STU1233,Student_IZ,21,Male,Computer Science,1,3.2505200751928434,21,5.0,4.858746415926712,Yes,No,55.948733941331234
STU1234,Student_JA,18,Female,Chemistry,3,3.515238902541628,133,16.020276620743573,0.15176891053081273,No,No,192.39197808338741
STU1235,Student_JB,24,Female,Mathematics,4,3.4734121562419356,117,5.68071235351038,0.8359106487856047,Yes,No,383.01387332734856
STU1236,Student_JC,20,Female,Computer Science,2,3.660316729829436,136,12.288856581523074,2.925079491779151,No,Yes,35.81913259724759
STU1237,Student_JD,21,Female,Chemistry,4,3.8227918126214657,125,11.723676486734593,3.160000768214795,No,No,79.46506707484313
STU1238,Student_JE,21,Male,Economics,2,3.7287529931808754,101,16.900206482117312,0.801603353282886,Yes,Yes,114.54584734199456
STU1239,Student_JF,25,Female,Computer Science,2,3.5674966272740702,58,10.217905388177746,0.9661115243675928,No,Yes,38.04024168898951
STU1240,Student_JG,24,Male,Mathematics,4,3.447245046478013,72,9.826107163117502,2.644964789890294,No,No,7.100750233834237
STU1241,Student_JH,18,Male,Engineering,2,2.92272211416022,37,36.08291620331687,6.520135571664576,Yes,No,49.28573635764907
STU1242,Student_JI,23,Male,Engineering,2,3.3067707620435556,120,23.034526268653003,4.6806700458175765,No,Yes,403.73232858369875
STU1243,Student_JJ,19,Female,Chemistry,1,3.545707065398833,96,18.756735371282534,1.667163364407857,Yes,No,68.93651040070203
STU1244,Student_JK,22,Other,Economics,4,3.7467568951274233,130,20.34308055573603,3.091936570084184,Yes,No,124.64012058933305
STU1245,Student_JL,23,Female,Chemistry,1,3.9801944650522803,35,25.821800149980213,10.125703417003304,Yes,No,437.679240095231
STU1246,Student_JM,24,Male,Chemistry,2,3.8869109971042017,41,28.506242113119427,21.546276351484288,No,Yes,166.6591455988066
STU1247,Student_JN,19,Male,Physics,4,3.128056934661475,108,7.573677585144621,0.13474154085276296,No,No,55.89146437472344
STU1248,Student_JO,25,Female,Computer Science,3,3.383491934451173,25,26.841826631150923,4.484453324132664,Yes,Yes,7.672302242350054
STU1249,Student_JP,25,Male,Mathematics,4,3.8080535300882365,83,6.258315948921487,2.4996052011723395,No,No,5.476685248811405
STU1250,Student_JQ,21,Male,Engineering,4,3.427550580032679,73,8.367323607559765,0.4739255336786144,No,No,171.14899890493106
STU1251,Student_JR,19,Female,Psychology,4,3.2002776307597616,134,15.988214558338614,3.673860804684886,No,No,20.958440186689366
STU1252,Student_JS,20,Female,Physics,4,3.674139850959068,43,16.488560167578363,0.2269450485651421,No,No,246.55024585436738
STU1253,Student_JT,25,Male,Chemistry,4,2.6183750761408824,114,29.053195299093176,2.7900489468495735,No,No,79.53116914359221
STU1254,Student_JU,23,Female,Mathematics,2,3.823299297785158,59,18.635181740348656,1.3459886768697764,Yes,Yes,172.46375342084255
STU1255,Student_JV,25,Female,Economics,4,3.850398807535238,16,30.117442209116927,8.58892689924654,Yes,Yes,423.55827363130487
STU1256,Student_JW,21,Male,Psychology,1,3.901764507064721,43,23.63135851922197,3.989066161292387,Yes,Yes,13.242002344178479
STU1257,Student_JX,22,Male,Chemistry,1,3.7525871900474654,110,31.39354742827845,0.3252290752295292,Yes,Yes,39.694592824111815
STU1258,Student_JY,22,Female,Chemistry,4,2.8176106367594556,89,24.496292795647058,1.8376080645710278,No,No,173.8261561837652
STU1259,Student_JZ,18,Female,Mathematics,3,3.481383245271899,140,7.832831532489601,1.1036833178992347,Yes,No,45.8491880607785
STU1260,Student_KA,19,Male,Biology,3,2.9610812483709132,71,21.823334898498203,2.209376004176079,Yes,No,47.500607206154065
STU1261,Student_KB,23,Male,Biology,2,3.522150563888285,24,32.01241087584377,1.2632144223267812,Yes,No,69.30426494566593
STU1262,Student_KC,23,Male,Biology,2,3.751779522581457,19,9.934908378622602,12.906616967168286,No,No,95.51120699959561
STU1263,Student_KD,22,Female,Mathematics,3,3.47800221962971,81,29.041430525519473,4.373791685321915,Yes,No,19.09455656363195
STU1264,Student_KE,25,Female,Physics,4,3.573585615679662,82,5.677756877920794,1.7189196075327988,No,No,54.49030994103891
STU1265,Student_KF,25,Male,Chemistry,3,3.7588838785286307,104,37.015562258067625,0.7916668171119512,Yes,No,246.68959210485016
STU1266,Student_KG,18,Male,Mathematics,3,3.7887098141080067,104,17.40663264336397,4.519768279264088,No,No,68.73827844797263
STU1267,Student_KH,24,Male,Chemistry,1,3.7748255495009935,110,7.177574281416577,3.106202114942402,Yes,No,16.364210709307855
STU1268,Student_KI,21,Male,Computer Science,1,3.4801863609810884,53,13.623886671224252,4.761385712868741,Yes,No,16.765594258939817
STU1269,Student_KJ,19,Female,Economics,4,3.5149945646137395,146,6.0529831217887775,0.40069649616970493,No,No,44.98051749807445
STU1270,Student_KK,23,Male,Computer Science,4,3.7013276134727757,116,20.39352464938899,1.2678475559747704,Yes,No,138.80507325191087
STU1271,Student_KL,23,Female,Chemistry,1,3.29112343013566,122,22.897673241879815,12.801387932673316,No,No,126.39424357467182
STU1272,Student_KM,25,Male,Mathematics,3,3.7217708977274455,54,21.190812269806113,2.5239272534062116,Yes,Yes,43.65535519890911
STU1273,Student_KN,23,Female,Engineering,3,3.724723389810717,106,19.78469302408801,1.288601824813818,Yes,Yes,32.12715261026217
STU1274,Student_KO,21,Male,Physics,2,3.6053714556669556,70,11.221374350757372,1.4032161005077415,Yes,Yes,20.664259651524528
STU1275,Student_KP,19,Female,Economics,4,3.556753560332656,124,11.390785109713006,1.9719032893776385,No,No,10.521553521066462
STU1276,Student_KQ,22,Male,Psychology,3,3.8835332955476902,75,36.26727307826304,2.228759544810419,No,No,559.7593721992229
STU1277,Student_KR,23,Male,Psychology,1,3.2777901178356377,59,16.921267546734082,0.33427959336404905,No,No,43.42919381568224
STU1278,Student_KS,24,Female,Mathematics,4,3.8025842799481797,48,7.0990484020025555,1.1205609866669513,No,Yes,3.839848392279144
STU1279,Student_KT,19,Male,Physics,4,3.051523082832839,79,9.930738233512116,1.3878217781892421,Yes,No,296.30755915922293
STU1280,Student_KU,24,Male,Psychology,2,3.3370323219080795,130,18.127229710915632,2.181421072807447,Yes,Yes,29.188192074483595
STU1281,Student_KV,22,Female,Chemistry,2,3.527869796901518,115,26.12518942804904,3.9397167293252355,Yes,No,322.6224301337142
STU1282,Student_KW,19,Female,Engineering,4,3.238690354781507,17,27.239619389734997,2.9521217900029675,Yes,No,344.05334504002224
STU1283,Student_KX,22,Female,Biology,1,3.8434164283704124,138,13.84623787625706,1.9093448823298595,Yes,No,22.83068178942795
STU1284,Student_KY,22,Male,Economics,1,3.63034931659608,87,28.941209016694216,2.8336386665018467,No,Yes,132.68918111959562
STU1285,Student_KZ,23,Male,Economics,1,3.770163762879725,124,16.963921294954023,7.640787948239932,Yes,No,411.621101139765
STU1286,Student_LA,21,Female,Engineering,4,3.4482724747248135,85,10.133354738724966,3.539915598770915,No,No,5.4723854016229545
STU1287,Student_LB,22,Female,Chemistry,3,3.4784908947860838,89,6.654403335306771,0.8353668708965312,No,No,110.91199961754819
STU1288,Student_LC,20,Male,Psychology,2,3.6285096304388214,122,5.970068472078996,2.7742121964374338,Yes,No,99.37888087435948
STU1289,Student_LD,18,Male,Physics,2,3.19694291557414,14,11.16403699284813,5.126497987981976,Yes,Yes,24.98994713486438
STU1290,Student_LE,22,Male,Physics,4,3.367896647699044,30,5.0,1.1998646784201579,Yes,No,111.15888227790833
STU1291,Student_LF,20,Male,Computer Science,1,3.806894634041558,31,5.0,1.7708158806782066,Yes,Yes,129.43176031916045
STU1292,Student_LG,24,Female,Economics,1,3.5590538181129707,133,21.896992716666468,4.734766349869465,Yes,No,40.55074819099047
STU1293,Student_LH,23,Male,Mathematics,3,3.5396842501482673,72,12.631170764342137,0.9134133475540573,Yes,No,460.95681127262185
STU1294,Student_LI,25,Female,Physics,4,2.9634231545569714,114,22.770495260024877,2.205207475858664,Yes,Yes,3.4371457845557636
STU1295,Student_LJ,25,Female,Mathematics,1,3.2100306313949325,26,10.845857659242979,0.2542747928547224,No,No,912.2558646030459
STU1296,Student_LK,22,Female,Biology,3,3.5173242200603356,20,31.442321479374037,10.994989093209824,Yes,No,171.6717178671012
STU1297,Student_LL,21,Female,Computer Science,4,3.7623148440600085,99,25.387431449051615,2.0489107781227203,Yes,No,27.646992229768486
STU1298,Student_LM,23,Female,Mathematics,3,3.36580490452088,148,24.822959293191552,0.9397881993062431,Yes,Yes,51.74914899480438
STU1299,Student_LN,18,Female,Physics,2,3.6461629868539402,103,5.005866819204112,9.557129213705167,Yes,No,35.181811791597454
STU1300,Student_LO,24,Male,Physics,4,3.5146833563771924,13,13.260503694549735,0.7512813623423442,No,No,20.39915059184392
STU1301,Student_LP,18,Female,Computer Science,2,3.124162081966436,111,18.618917255477264,6.087898239369932,No,Yes,109.88561035579404
STU1302,Student_LQ,18,Female,Economics,1,3.28848220443699,43,24.04378103879332,0.11526986821151916,Yes,No,62.429012806798326
STU1303,Student_LR,22,Male,Psychology,4,3.1497416084068615,68,13.855096339520042,0.6038711408200874,No,No,25.190985271809677
STU1304,Student_LS,19,Female,Chemistry,3,3.582597276463257,15,15.936359549733226,0.013056457101209985,Yes,No,149.2815691235853
STU1305,Student_LT,18,Female,Mathematics,1,3.4724826789401826,48,9.35843701880805,2.74619430789103,Yes,Yes,51.282392400049126
STU1306,Student_LU,20,Male,Psychology,4,3.643113635669261,37,8.871446571054797,4.381120403096028,Yes,No,1201.946271055433
STU1307,Student_LV,21,Male,Computer Science,4,3.2242293624660574,145,10.301437014187357,5.161559015635722,No,No,4.466296248434289
STU1308,Student_LW,19,Female,Computer Science,2,3.8095405261662765,80,13.132974300459704,0.7168830986270213,Yes,No,10.216925445303676
STU1309,Student_LX,18,Female,Economics,4,3.2327338745375593,116,19.713463731014972,2.9028064256761956,No,No,689.8502294926483
STU1310,Student_LY,21,Male,Biology,4,3.0328440190041497,142,14.775697034406205,0.4901446180576207,No,No,3.6787582648874944
STU1311,Student_LZ,20,Female,Mathematics,3,3.5384763649216335,67,9.15255704286543,7.5270516038187605,No,No,269.2571627502446
STU1312,Student_MA,25,Female,Biology,4,3.446486753023321,102,8.95945205784031,1.4290180492108777,Yes,No,818.7599709662896
STU1313,Student_MB,24,Female,Computer Science,3,3.0741931564375573,129,10.848258629748958,4.113215409141019,No,Yes,87.23970737878462
STU1314,Student_MC,20,Other,Chemistry,3,3.901164763353802,20,26.17959123120923,7.914524491523611,No,No,155.21676183168088
STU1315,Student_MD,21,Male,Engineering,1,3.6875301913161835,42,20.17467807504906,1.7656208479501005,Yes,No,32.8007226552586
STU1316,Student_ME,25,Female,Mathematics,2,3.251543107937337,17,26.836972284708782,7.424528546400298,Yes,No,67.00334397885221
STU1317,Student_MF,24,Other,Biology,3,3.6813966535957308,147,15.74415116741526,0.6161765131740455,Yes,No,37.768167183351586
STU1318,Student_MG,23,Male,Chemistry,4,3.296989559202072,109,10.053203167771198,5.535002373729178,No,No,24.23762257447591
STU1319,Student_MH,22,Male,Computer Science,2,3.911855876593009,30,9.825403087344815,3.197328809696811,Yes,No,242.07631606422893
STU1320,Student_MI,23,Male,Economics,1,3.845407413705068,122,26.359629636246893,3.183811423164122,Yes,No,46.10798867977025
STU1321,Student_MJ,21,Female,Economics,2,3.37433038459728,16,5.0,1.7412273073587965,No,Yes,169.84590220011358
STU1322,Student_MK,23,Male,Economics,4,3.249119276940605,59,15.819496409439353,4.363944217495431,Yes,Yes,24.37964538053412
STU1323,Student_ML,24,Male,Chemistry,1,3.1863337695810667,59,11.37795502541431,8.452844166378348,No,Yes,13.240588063331666
STU1324,Student_MM,25,Female,Chemistry,2,3.562870595814241,140,11.277255253999524,1.5895045399539067,Yes,No,6.486768785940434
STU1325,Student_MN,22,Female,Engineering,1,3.8452513176831786,121,5.0,0.47450590723215696,No,No,114.90792536800335
STU1326,Student_MO,25,Female,Physics,4,3.5696435634809247,61,22.24218223783682,1.9053737494991472,No,Yes,102.54114818293134
STU1327,Student_MP,23,Female,Biology,4,3.5226536308666434,117,13.898664487350764,0.11925090148019898,Yes,No,20.847884953503762
STU1328,Student_MQ,24,Female,Biology,1,3.756182480651087,116,19.211477944545216,11.954041222560413,Yes,Yes,2.1953184057978774
STU1329,Student_MR,25,Female,Economics,3,3.5379980222226157,68,15.112618442260906,3.3544503678035795,Yes,No,71.97322307446979
STU1330,Student_MS,21,Male,Computer Science,4,3.941957458026451,124,5.834530321112801,0.5057027882633258,Yes,No,70.81112631072573
STU1331,Student_MT,21,Female,Mathematics,4,3.874641597443485,65,15.04659929604648,4.205544443654636,Yes,Yes,3.747978096190215
STU1332,Student_MU,25,Male,Chemistry,4,3.2513728917744236,81,12.521891540590723,6.079561743495496,Yes,No,33.917715153793424
STU1333,Student_MV,23,Female,Physics,4,3.3574597813205855,111,10.512915692114637,6.090191114157892,Yes,No,26.57839254144075
STU1334,Student_MW,19,Male,Biology,3,3.374687929585597,33,9.970205902578327,4.616515532940757,Yes,No,8.213170923812504
STU1335,Student_MX,24,Female,Mathematics,4,3.8127038798043387,55,23.32706807150776,2.6865413853095617,Yes,No,15.028496912258667
STU1336,Student_MY,20,Male,Biology,4,3.682640991700943,57,5.0,7.3501911865336,Yes,No,13.644124008061967
STU1337,Student_MZ,19,Female,Engineering,1,3.049219781395829,51,28.076836005218308,2.4756741243189646,Yes,No,133.18428489912816
STU1338,Student_NA,18,Other,Computer Science,2,3.5081487858628133,139,5.0,0.9332518228351163,Yes,Yes,135.79490219325103
STU1339,Student_NB,20,Female,Physics,3,3.2897629757819757,79,11.476657169966177,1.5914034512136523,No,No,19.967607756352304
STU1340,Student_NC,18,Female,Engineering,2,3.498716478822703,130,16.93097163246529,0.23150843464340592,Yes,No,89.21032443167267
STU1341,Student_ND,23,Male,Mathematics,1,3.647923417949102,18,19.064020290633657,1.3606478453639193,Yes,No,2.1594162879889875
STU1342,Student_NE,18,Female,Physics,1,3.222229159987548,144,34.581314076124094,0.512167498485311,Yes,Yes,2.0828753804196145
STU1343,Student_NF,24,Female,Psychology,1,3.8250926083464423,105,9.76834596857966,1.9263272969681642,Yes,No,9.634985182656742
STU1344,Student_NG,25,Male,Computer Science,2,3.6306809213145748,13,9.670692171564074,2.2172423825907943,No,Yes,673.9564719476343
STU1345,Student_NH,22,Male,Psychology,1,3.269856279716148,131,21.034384652176684,0.1608083265263427,No,No,31.13012732160947
STU1346,Student_NI,19,Other,Engineering,4,3.421549421369408,96,20.630497972121677,13.817006485967347,Yes,No,198.36130049993966
STU1347,Student_NJ,20,Female,Economics,4,3.5427601129911004,84,17.49824117204263,1.5216432880674768,Yes,No,23.892736851694252
STU1348,Student_NK,19,Male,Physics,3,3.59941421299156,13,5.7940269986139095,1.0821555150929096,Yes,No,11.710820402548363
STU1349,Student_NL,24,Male,Physics,3,3.7677628281456577,14,19.333286649685366,0.26859344316404943,Yes,No,12.173094243310633
STU1350,Student_NM,22,Female,Computer Science,3,3.4286286612551438,66,8.106381387418185,1.980927926967607,Yes,No,19.266737200220415
STU1351,Student_NN,20,Female,Computer Science,2,3.6545667265121633,132,19.921681095789438,0.05550773252366954,Yes,No,191.3429078538959
STU1352,Student_NO,21,Male,Physics,1,3.50148528870301,112,15.087398763502744,1.5109910413288703,No,No,36.244103311139895
STU1353,Student_NP,25,Male,Psychology,3,2.746938129255405,121,24.951532109961796,1.6495102379574003,No,Yes,184.37347003480207
STU1354,Student_NQ,19,Male,Chemistry,4,3.8029111248260383,102,9.538858685579887,2.229435737656019,Yes,Yes,21.892071392699258
STU1355,Student_NR,22,Male,Economics,2,3.1167780466151553,51,24.355921933848663,1.0416660635331583,Yes,No,435.01027790194206
STU1356,Student_NS,20,Male,Engineering,3,3.737023739383557,33,13.68377922599491,0.32805042451060584,Yes,No,50.121872400266234
STU1357,Student_NT,20,Male,Engineering,1,3.566992631642356,147,8.552837068361809,2.4098841866187852,No,No,49.74237611651225
STU1358,Student_NU,24,Male,Computer Science,1,3.3563538154691894,102,20.73826270076228,3.3129761934688604,Yes,No,332.52481870309197
STU1359,Student_NV,20,Female,Physics,3,3.7724409970295083,137,8.859728211369747,2.960396239370673,Yes,No,1.35018212756275
STU1360,Student_NW,22,Female,Computer Science,2,3.455410398288029,65,10.828216930136028,3.2018659330701227,Yes,No,116.93911226670485
STU1361,Student_NX,19,Female,Engineering,3,3.843510949153396,47,17.264733227742134,0.8972970822409789,No,No,101.10950946023857
STU1362,Student_NY,24,Male,Physics,1,3.3095597223029616,131,15.784939069121215,1.9778897385331637,No,Yes,38.9855598062804
STU1363,Student_NZ,24,Female,Computer Science,4,3.775314786245339,83,35.068234696370894,4.339141978587747,No,Yes,1144.558565315912
STU1364,Student_OA,24,Female,Physics,2,3.3169149514582417,52,5.0,6.704877709347816,No,Yes,221.20723919984684
STU1365,Student_OB,25,Other,Economics,2,3.0330032161339533,103,5.678561466665084,0.6897836374129669,Yes,No,46.88141094566985
STU1366,Student_OC,24,Female,Computer Science,4,3.684908331552618,135,14.579909661572476,5.617375043585383,Yes,Yes,2.558733361856995
STU1367,Student_OD,23,Female,Economics,4,3.85519526785007,20,9.59556633403281,0.19823923798210175,Yes,Yes,177.44300214706436
STU1368,Student_OE,24,Female,Engineering,3,3.805747046022005,52,5.0,3.7050935992780127,Yes,No,5.338028407494799
STU1369,Student_OF,24,Male,Biology,4,3.3939129836456248,53,25.743178432955833,3.679144815627854,No,No,170.36247042787747
STU1370,Student_OG,18,Male,Mathematics,4,3.609991852341543,125,15.014001778526806,6.24790646463771,Yes,No,571.6131849241956
STU1371,Student_OH,20,Male,Economics,4,3.7655413207698065,97,6.831223344633994,0.08837493706123005,Yes,No,61.62319315072203
STU1372,Student_OI,19,Male,Computer Science,4,3.1514005922021786,13,8.729725198584148,2.9605607434725814,Yes,No,7.584124144880833
STU1373,Student_OJ,21,Female,Mathematics,4,3.6477065339290293,143,6.8273440889899355,5.553691821312612,No,No,89.58670793785532
STU1374,Student_OK,24,Male,Biology,2,3.939889450130237,24,13.523368917848233,3.097641259293335,Yes,Yes,80.20371493139604
STU1375,Student_OL,25,Female,Physics,1,3.367201271732352,134,8.521212861248795,2.0999402958147764,Yes,Yes,620.3603586898092
STU1376,Student_OM,23,Male,Economics,2,3.9178550063979043,147,19.44211366093055,1.3913607801718513,Yes,Yes,24.95854116293545
STU1377,Student_ON,20,Male,Biology,2,3.3220622700342206,139,18.009882942396022,1.1544881011440966,Yes,No,334.5126074460815
STU1378,Student_OO,20,Female,Computer Science,1,3.5308334148226885,46,13.457135029456492,0.21084413452250378,Yes,No,192.9626517538863
STU1379,Student_OP,20,Male,Biology,4,3.6144729384311765,28,16.103964900128357,0.07236991036971183,Yes,No,33.475114809540514
STU1380,Student_OQ,23,Female,Computer Science,4,3.630096487381069,81,10.62743618756513,1.3053941259344786,No,No,80.77748094506256
STU1381,Student_OR,25,Female,Computer Science,2,3.335334609653801,67,14.813154204215376,5.492361937886191,No,Yes,21.971430754789044
STU1382,Student_OS,23,Female,Physics,4,3.365216050330908,28,8.607738932976957,1.798868498993521,No,Yes,297.5511543365676
STU1383,Student_OT,22,Male,Biology,4,3.5730243342728762,19,26.358927397251502,0.26235879667527817,Yes,No,50.93219790991941
STU1384,Student_OU,23,Male,Engineering,4,3.4484775698514962,41,7.8668944745264895,2.4330169827572066,Yes,Yes,11.51568404880855
STU1385,Student_OV,18,Male,Engineering,3,3.83562076868299,32,13.881163176958024,0.8601570961979128,Yes,Yes,49.62660392178687
STU1386,Student_OW,23,Male,Computer Science,3,3.873236436818553,124,11.202771539714995,1.1732469131735934,Yes,No,92.82530078774941
STU1387,Student_OX,24,Male,Mathematics,1,3.782807777933276,71,10.744813632945775,2.4559139465226694,No,No,474.4406147869765
STU1388,Student_OY,25,Female,Physics,4,3.805567339881895,136,42.97178886813532,0.18144733181693995,No,No,49.014198149904395
STU1389,Student_OZ,24,Female,Physics,2,3.7594726318228218,114,20.35805876510779,11.83660066517345,No,Yes,598.990142705461
STU1390,Student_PA,23,Male,Engineering,1,3.6244943296024195,130,19.32248356823221,3.3500945950497947,Yes,No,269.2305342711572
STU1391,Student_PB,20,Male,Computer Science,4,3.7585116637334077,149,6.603087359276141,21.083598316270024,Yes,No,12.542505057689969
STU1392,Student_PC,23,Female,Biology,1,3.213548031588974,125,8.278602437664883,5.73159780043347,Yes,No,100.65374718541382
STU1393,Student_PD,21,Male,Mathematics,1,3.6708424726338214,48,10.993779976647367,8.28838675845192,Yes,Yes,88.3249683275263
STU1394,Student_PE,20,Male,Physics,2,3.666130493250904,73,17.445776263109373,1.0414256990978528,No,Yes,6.740022438545036
STU1395,Student_PF,19,Female,Biology,3,3.1042190988651166,125,8.28372470240714,6.373551326648101,Yes,No,5.091217900538326
STU1396,Student_PG,21,Female,Computer Science,3,3.7098400508613336,14,10.253104999066412,7.116879597037773,Yes,Yes,1398.1635121067013
STU1397,Student_PH,20,Female,Engineering,3,3.729550946985011,133,10.452552315510552,4.093774734848668,No,No,71.3496056386509
STU1398,Student_PI,23,Female,Psychology,1,3.485731822323375,57,9.093118572269766,5.441668970034443,No,No,40.36210137609519
STU1399,Student_PJ,23,Male,Computer Science,2,3.5124815006511865,61,17.03013147182292,23.177125330144666,No,No,292.0272873412175
STU1400,Student_PK,25,Female,Engineering,2,3.8262983271872404,63,6.210207202782457,1.091551121190984,Yes,No,81.88099462745271
STU1401,Student_PL,20,Female,Engineering,1,3.6289722632750436,129,6.228470242516194,3.073637795978079,Yes,Yes,57.7662995591043
STU1402,Student_PM,23,Male,Economics,1,3.720544423680738,34,9.376631772896282,3.5352053051199497,Yes,No,48.019040349549535
STU1403,Student_PN,22,Female,Computer Science,3,3.6524636181782,97,11.821324193523715,4.352403729271944,Yes,No,18.48985781446865
STU1404,Student_PO,23,Male,Mathematics,3,3.5777879195832907,74,10.621045042752137,3.5622848297015253,No,Yes,2.9589820877613584
STU1405,Student_PP,21,Female,Psychology,2,3.6764956854166115,26,13.341556867309023,1.041692929642377,Yes,No,51.1306324762224
STU1406,Student_PQ,23,Female,Computer Science,3,3.7292539619849023,76,7.249782570770353,1.0856996795503933,No,No,930.9088400274123
STU1407,Student_PR,22,Female,Mathematics,3,3.3870295039026495,22,12.411428218840525,6.646369707070525,No,No,3.143929489305203
STU1408,Student_PS,19,Female,Chemistry,1,3.4102009569080813,63,14.953291331432563,6.9794969412407735,No,No,499.1106817813378
STU1409,Student_PT,25,Male,Psychology,4,3.073194053985417,82,31.47009909914783,0.037757456014744596,Yes,Yes,209.0831741005946
STU1410,Student_PU,23,Male,Psychology,1,3.464215498801644,50,15.588849589589861,0.04720566786394252,No,No,907.6078713313939
STU1411,Student_PV,22,Male,Psychology,4,3.5441887980300364,23,11.295941572528363,2.361390656434475,Yes,Yes,52.86024641454433
STU1412,Student_PW,20,Female,Mathematics,1,3.7064352393784237,96,9.717267461224266,1.4731090159634037,Yes,No,41.8222280729979
STU1413,Student_PX,20,Male,Physics,4,3.573472353168692,46,5.0,0.32344074132207135,Yes,No,13.735395584260413
STU1414,Student_PY,19,Male,Mathematics,2,3.7205803919215246,90,28.7424424755055,1.3072040550083188,Yes,Yes,232.32748744767153
STU1415,Student_PZ,22,Male,Mathematics,4,3.468094382834031,93,9.23523617253496,5.860338323372788,Yes,Yes,20.36517062956723
STU1416,Student_QA,19,Female,Psychology,1,3.7260554521193656,17,18.789592521950997,3.256892800897117,Yes,No,45.82798749736458
STU1417,Student_QB,25,Female,Computer Science,1,3.6555092459042413,57,19.815037595637666,7.089232368113121,No,No,186.45363921664378
STU1418,Student_QC,25,Male,Engineering,2,3.6434395889095024,69,14.660247471831555,2.82038041312055,Yes,No,18.152771504545424
STU1419,Student_QD,24,Male,Computer Science,3,3.8764954442820088,43,8.454537067794945,0.16949917504109202,Yes,Yes,326.45096081603555
STU1420,Student_QE,25,Female,Engineering,3,3.3825143033581417,77,11.517258209864668,3.377436529117724,No,Yes,62.364830495135394
STU1421,Student_QF,25,Female,Computer Science,3,3.9067375205013155,115,14.180855224449804,1.1417180909422693,Yes,No,56.25552935119646
STU1422,Student_QG,25,Female,Engineering,1,3.7740378073341554,139,12.836165610027344,2.5698446878900922,Yes,No,845.7340979937644
STU1423,Student_QH,25,Female,Mathematics,3,3.406832565948909,82,10.769767445385604,6.28039176126746,No,Yes,13.299222020356074
STU1424,Student_QI,24,Male,Mathematics,2,3.3474531426685044,32,21.043919282209174,4.689209297711624,Yes,No,28.103813620412208
STU1425,Student_QJ,19,Female,Chemistry,2,3.814142584398981,118,12.113380815641644,0.4238211179392516,No,Yes,92.73607537930796
STU1426,Student_QK,25,Female,Economics,1,3.8245568106277634,15,14.475757844263628,3.9637217626819403,Yes,No,25.16944171365537
STU1427,Student_QL,21,Female,Economics,3,3.6990779250609,72,18.992963329491758,6.280666346294274,Yes,No,183.9326200007143
STU1428,Student_QM,25,Male,Engineering,3,3.32275834506928,65,7.100152134176515,1.4684944061355678,Yes,No,57.5784422880617
STU1429,Student_QN,25,Female,Biology,3,3.2844497217789397,36,16.957465075261954,3.058593927790744,Yes,No,332.1625100226817
STU1430,Student_QO,25,Female,Mathematics,4,3.2277031257200752,108,30.926251349409316,2.843564729524891,No,No,41.23454749411363
STU1431,Student_QP,21,Female,Computer Science,2,3.4429521485816488,109,33.24851939695036,1.973988009723874,No,Yes,64.1303484497901
STU1432,Student_QQ,22,Female,Mathematics,2,3.533565268741864,14,5.0,3.6307797219769933,Yes,Yes,1627.4277577244552
STU1433,Student_QR,20,Male,Computer Science,4,3.4196553986561,99,8.193409197482119,1.0359070797340348,Yes,No,43.43968024040116
STU1434,Student_QS,20,Male,Engineering,3,3.5893468627554244,105,24.005401737965034,4.99525861013789,Yes,No,217.8929806498672
STU1435,Student_QT,20,Female,Engineering,2,3.853476119674186,113,8.03586742402295,12.79199973750032,Yes,No,15.773208231601886
STU1436,Student_QU,19,Female,Biology,1,3.895313545035517,148,21.315894205163715,0.556633123056677,Yes,No,84.10334422300876
STU1437,Student_QV,21,Other,Computer Science,2,3.901247551227459,106,10.895310593209429,0.7832953920173538,Yes,Yes,195.01596187289118
STU1438,Student_QW,23,Male,Chemistry,1,3.7145889920079105,121,8.241244208230302,0.47883790337419174,Yes,No,70.27776539273889
STU1439,Student_QX,23,Female,Computer Science,1,3.63747123368643,94,17.12455109621522,3.977583449004584,Yes,No,58.79062475254324
STU1440,Student_QY,19,Male,Biology,1,3.7859731482821832,46,5.643953425389824,0.08990340813712076,Yes,No,55.57953418935754
STU1441,Student_QZ,20,Male,Biology,2,3.7817931722697473,49,10.510934928708792,2.1031133179506396,No,No,43.04027666671513
STU1442,Student_RA,25,Male,Physics,2,3.757450806677423,61,18.56140540174746,0.5051918147632269,No,No,57.71953692035243
STU1443,Student_RB,25,Female,Psychology,1,3.9504550899076856,68,41.216643497407084,0.555040962916354,Yes,No,133.4839156148758
STU1444,Student_RC,18,Male,Biology,1,3.8389097353313075,124,32.82016956750071,6.057271944966042,No,No,20.599054614436806
STU1445,Student_RD,22,Male,Economics,1,3.1226160190535106,111,39.786458600824176,6.9860225939164575,Yes,No,3.8670566021157304
STU1446,Student_RE,24,Male,Computer Science,4,3.65025993364903,148,13.330091236407926,2.772481078457175,Yes,No,12.817869523428142
STU1447,Student_RF,24,Female,Chemistry,3,3.3858419391017747,70,5.0,3.0895210404814653,Yes,No,7.3059389192820925
STU1448,Student_RG,24,Female,Economics,1,3.7563255102519184,27,7.728267961316579,0.5094627882712585,Yes,No,130.59454897051037
STU1449,Student_RH,25,Female,Economics,2,3.674058271707061,84,60.0,5.903415943846519,Yes,Yes,47.76526713467444
STU1450,Student_RI,18,Male,Engineering,3,3.1938983726922947,50,11.611705875543505,7.900042603425418,Yes,Yes,15.741188124462433
STU1451,Student_RJ,25,Male,Chemistry,4,3.1794825418858355,36,22.28728080050626,3.5771422470897742,No,Yes,61.85324699423317
STU1452,Student_RK,18,Female,Psychology,4,3.8210622654807143,69,13.145303110050595,0.6541598566431114,No,No,15.122540325866668
STU1453,Student_RL,24,Female,Physics,4,3.2972506529787116,114,16.93176691774973,1.9499003549457288,Yes,No,6.994456613536558
STU1454,Student_RM,18,Male,Biology,3,3.9126615232876514,66,5.0,1.5854679543186714,No,No,4.6398435532654645
STU1455,Student_RN,24,Male,Mathematics,4,3.6932635016964177,123,5.234167196488164,0.648446343425509,Yes,No,9.69132460088118
STU1456,Student_RO,21,Male,Mathematics,3,3.8506336595132744,53,11.460335952954017,3.0409240716572503,Yes,No,26.180056082681784
STU1457,Student_RP,19,Male,Psychology,4,3.6042768723435517,144,10.971372633651846,0.7902217929876074,No,No,15.809467332548268
STU1458,Student_RQ,24,Male,Economics,1,3.0105807758561967,35,5.865576499734918,1.146170391174127,No,Yes,28.640063838919698
STU1459,Student_RR,24,Female,Mathematics,3,3.76287348740932,63,8.16852243464533,1.8827401204792613,No,No,120.68188669462046
STU1460,Student_RS,24,Male,Psychology,2,3.885107171402555,103,28.53390816988551,0.8281617371958032,Yes,Yes,38.42556479081587
STU1461,Student_RT,22,Female,Physics,4,3.537299918747311,47,17.14663790773144,1.765348388106848,Yes,No,57.0894626136848
STU1462,Student_RU,23,Female,Psychology,2,3.9091176271793793,123,11.039291327158933,3.9931785580397463,Yes,Yes,173.06283681814975
STU1463,Student_RV,24,Male,Physics,3,3.8569326734895775,132,12.462862448333139,0.5882263691720129,Yes,Yes,39.244441199372886
STU1464,Student_RW,25,Male,Chemistry,1,3.7318659841750574,110,25.101582202249215,0.4130504228613916,Yes,Yes,43.729000333157146
STU1465,Student_RX,23,Female,Economics,1,3.4375535759370557,21,10.479931810244052,2.9467822826601484,Yes,No,14.773291421077236
STU1466,Student_RY,23,Female,Psychology,4,3.481283185493888,53,20.47932737429661,1.606580773429461,No,No,108.58375186127417
STU1467,Student_RZ,20,Male,Physics,2,3.253496173174058,109,20.696146315504144,0.6540620324882028,Yes,Yes,281.85949168103946
STU1468,Student_SA,22,Male,Engineering,3,3.7295929273683597,103,5.0,0.09526349669651324,No,No,8.194568736871995
STU1469,Student_SB,23,Male,Physics,1,3.9259927466358455,109,14.532859796861404,6.306915371919342,Yes,No,73.41284443629344
STU1470,Student_SC,20,Female,Psychology,3,3.7955890884107326,123,25.919273367927804,3.35225810631798,No,No,6.378893698636126
STU1471,Student_SD,20,Female,Chemistry,2,3.800893199085527,59,11.265012354407244,5.919758440084726,Yes,No,188.73021514166373
STU1472,Student_SE,18,Female,Engineering,2,3.762818082883031,91,15.807604360088314,0.6389159137591505,No,No,173.36464560817953
STU1473,Student_SF,21,Other,Psychology,3,3.6318857682861645,118,28.224198278747398,3.4245659604871648,No,No,39.885854666717066
STU1474,Student_SG,19,Female,Engineering,1,3.7031592211582174,45,15.862964440872066,2.448422743017508,Yes,No,7.927628457520369
STU1475,Student_SH,25,Female,Psychology,4,3.8494517778652244,127,20.078139863293192,1.5215185582038107,Yes,No,41.69328254600702
STU1476,Student_SI,24,Female,Psychology,2,3.156751659626779,135,10.3164981837927,0.6371702083527775,No,Yes,80.196719045546
STU1477,Student_SJ,19,Female,Economics,3,3.5669803198027052,132,14.348133821157294,10.836392887685538,Yes,No,21.666258326692066
STU1478,Student_SK,20,Female,Psychology,1,3.488695841971686,52,8.262336904475035,0.5324397741688094,Yes,No,14.05950626713909
STU1479,Student_SL,19,Female,Psychology,2,3.1521657170563304,88,10.302831950493143,21.40666618232078,Yes,No,2.04622853061507
STU1480,Student_SM,20,Male,Economics,2,3.4202952950609893,14,15.62467718094978,1.2669709800691304,Yes,No,30.799593765893917
STU1481,Student_SN,22,Female,Psychology,3,3.372666382065513,104,15.735515886140332,3.0837740093251425,No,Yes,24.798363930329668
STU1482,Student_SO,19,Male,Biology,1,3.82892803436738,13,23.79185356814741,2.601438936321725,No,No,210.88476684081098
STU1483,Student_SP,20,Female,Computer Science,1,3.404522331318409,123,13.51002168597458,0.2573346597806574,Yes,No,4.8981827366758015
STU1484,Student_SQ,19,Female,Chemistry,1,3.2550516940950676,25,12.975898422971133,0.8601783233829516,No,Yes,129.06953581065798
STU1485,Student_SR,18,Male,Engineering,3,3.6087579152326152,144,29.007147685795964,7.363084374771438,No,No,10.030109814689254
STU1486,Student_SS,24,Male,Computer Science,4,3.875346530919612,58,17.324674507603632,1.0289305657990009,No,Yes,37.452087116736315
STU1487,Student_ST,21,Male,Engineering,2,3.759624236447806,89,31.78880048126875,0.934293409914253,No,No,55.991082043961704
STU1488,Student_SU,24,Male,Chemistry,1,3.7893938358387613,109,24.50769805428373,0.1006583571004919,No,No,56.39329191896109
STU1489,Student_SV,22,Male,Engineering,4,3.779697466370904,58,10.91772929994912,0.13110755852608236,Yes,No,130.20818214451492
STU1490,Student_SW,24,Female,Engineering,1,3.5923848311310946,18,13.464968122128697,1.090181357952584,Yes,Yes,9.714356410923415
STU1491,Student_SX,20,Female,Computer Science,2,3.803573468350202,84,26.003717422364147,2.6616760374530286,Yes,No,37.407295876859614
STU1492,Student_SY,20,Male,Chemistry,1,3.177442819244586,16,12.025982436473516,2.303644667695772,Yes,No,43.96534723388217
STU1493,Student_SZ,18,Male,Psychology,4,3.866055170859246,114,19.982738661821884,0.8870001301636092,No,No,10.820373633604282
STU1494,Student_TA,25,Female,Biology,4,3.683515137716326,43,19.40439123935239,0.012927836134851843,Yes,Yes,103.94554062807057
STU1495,Student_TB,25,Female,Mathematics,2,3.9733628622757937,122,38.823499654550034,3.479195352767521,Yes,No,449.5708832813336
STU1496,Student_TC,21,Male,Physics,2,3.26459732437821,15,5.602184181301615,0.734867279238962,No,No,6.599892315105308
STU1497,Student_TD,23,Female,Engineering,3,3.843942158797984,72,17.214872806506726,0.5309229796714011,No,No,23.911822476203557
STU1498,Student_TE,20,Male,Engineering,3,3.5708698159056382,20,11.232669949144041,1.872948023772906,Yes,No,103.96775073943564
STU1499,Student_TF,23,Male,Chemistry,2,2.966353307924139,146,10.942807114262123,4.7464734466707865,Yes,Yes,41.46600012532062
