PassengerId,Survived,Pclass,Name,Sex,Age,SibSp,Parch,Ticket,Fare,Cabin,Class
1,1,3,Passenger_1,male,54.07440076713346,1,0,TICKET_1,18.428843260925174,,Third
2,0,2,Passenger_2,male,6.870747099392247,1,1,TICKET_2,3.2512581306242283,,Second
3,0,1,Passenger_3,male,33.459371282930185,0,0,TICKET_3,9.295492080677455,,First
4,0,1,Passenger_4,male,54.61548011458984,0,0,TICKET_4,3.3400745000074346,,First
5,1,1,Passenger_5,male,17.751563120402622,0,0,TICKET_5,15.115606799875666,,First
6,0,1,Passenger_6,male,34.35215918866801,0,0,TICKET_6,19.113368922089144,,First
7,1,3,Passenger_7,male,,1,2,TICKET_7,40.93306261961558,,Third
8,1,2,Passenger_8,female,36.31160157799034,1,2,TICKET_8,12.668388516707125,,Second
9,0,1,Passenger_9,male,,1,0,TICKET_9,5.838763927265514,C8,First
10,0,3,Passenger_10,male,,1,2,TICKET_10,53.51624954387454,,Third
11,0,1,Passenger_11,female,,0,2,TICKET_11,11.003971031823404,,First
12,1,2,Passenger_12,female,40.361492295434104,0,2,TICKET_12,21.79609424457696,,Second
13,0,1,Passenger_13,female,37.48065854006558,0,0,TICKET_13,28.860850942197473,,First
14,0,3,Passenger_14,male,54.377700374597055,0,0,TICKET_14,19.740907098833294,,Third
15,0,1,Passenger_15,male,46.40353508498157,0,0,TICKET_15,49.75366286814525,C14,First
16,1,3,Passenger_16,female,31.04658181092581,0,0,TICKET_16,1.528500067691318,,Third
17,0,3,Passenger_17,female,34.81345068770018,1,0,TICKET_17,43.58757478984731,C16,Third
18,0,3,Passenger_18,female,,1,4,TICKET_18,102.30636405835959,,Third
19,0,3,Passenger_19,male,14.756195331016281,2,0,TICKET_19,1.138831464558814,,Third
20,0,2,Passenger_20,female,33.489842090040085,0,0,TICKET_20,129.19681387458544,,Second
21,1,3,Passenger_21,male,19.190317900756718,1,1,TICKET_21,6.656560377100901,C20,Third
22,1,3,Passenger_22,female,,0,0,TICKET_22,72.84854732286864,,Third
23,1,3,Passenger_23,female,21.975925218684772,1,1,TICKET_23,3.826074654781099,,Third
24,0,3,Passenger_24,male,24.32536609120897,0,0,TICKET_24,29.18452843640661,C23,Third
25,1,3,Passenger_25,female,34.76470857099913,3,0,TICKET_25,1.1577309174824586,C24,Third
26,0,3,Passenger_26,female,66.06906073590922,0,0,TICKET_26,22.768161215349075,C25,Third
27,0,3,Passenger_27,male,43.06045160589132,0,0,TICKET_27,24.696504968733095,,Third
28,0,3,Passenger_28,female,,0,0,TICKET_28,54.683985324010756,,Third
29,0,3,Passenger_29,male,0.42,0,2,TICKET_29,4.5057601288915485,,Third
30,1,3,Passenger_30,male,20.6634740216094,0,0,TICKET_30,5.279658040260979,,Third
31,0,1,Passenger_31,male,43.55227445172885,0,0,TICKET_31,10.358254515485052,C30,First
32,0,3,Passenger_32,male,19.5846115507681,1,0,TICKET_32,17.625968171114895,,Third
33,0,2,Passenger_33,male,30.829554314888963,0,0,TICKET_33,7.087418203501265,,Second
34,0,1,Passenger_34,female,35.01134740869344,0,0,TICKET_34,2.5077919687641277,C33,First
35,0,1,Passenger_35,male,,1,1,TICKET_35,6.574781449264878,,First
36,0,3,Passenger_36,male,44.77839202485841,2,0,TICKET_36,13.32807312278711,,Third
37,0,1,Passenger_37,male,9.0579328922697,0,0,TICKET_37,1.7926981903148496,,First
38,1,3,Passenger_38,male,24.037339318593975,0,0,TICKET_38,13.659782609434938,,Third
39,1,2,Passenger_39,male,39.5430040859998,1,0,TICKET_39,27.220463596606805,C38,Second
40,0,2,Passenger_40,male,9.217679947554686,0,0,TICKET_40,0.8226684616082621,,Second
41,1,1,Passenger_41,male,21.042939690348092,1,2,TICKET_41,16.121849396316865,,First
42,0,2,Passenger_42,female,60.986470400217414,0,0,TICKET_42,0.8642322842364046,C41,Second
43,0,1,Passenger_43,male,36.61421225399931,0,0,TICKET_43,44.68668074010526,,First
44,0,1,Passenger_44,male,7.883215812790596,0,0,TICKET_44,3.2220544462603358,C43,First
45,1,2,Passenger_45,female,18.513356289246328,1,1,TICKET_45,4.989033113714041,,Second
46,0,3,Passenger_46,female,38.158197632176154,1,0,TICKET_46,38.38414758261843,,Third
47,0,3,Passenger_47,female,28.677090179180983,0,1,TICKET_47,4.161017142948806,,Third
48,1,1,Passenger_48,female,29.645216454028205,2,0,TICKET_48,21.903801654622228,,First
49,0,1,Passenger_49,male,41.055618769903084,1,2,TICKET_49,4.707554632495772,,First
50,0,3,Passenger_50,male,34.36126759918817,0,0,TICKET_50,24.007730079469987,C49,Third
51,0,3,Passenger_51,female,24.051839618079985,1,0,TICKET_51,8.077987709553224,C50,Third
52,1,3,Passenger_52,male,28.802007213091525,0,0,TICKET_52,13.585260601769392,C51,Third
53,0,2,Passenger_53,male,33.97159001262349,0,0,TICKET_53,3.0596338502207177,C52,Second
54,0,2,Passenger_54,female,23.205443528477765,0,0,TICKET_54,4.568102755505153,C53,Second
55,0,3,Passenger_55,male,37.63859272318065,1,0,TICKET_55,20.63626572878939,,Third
56,0,2,Passenger_56,female,51.5345391226295,0,0,TICKET_56,22.933815715204236,,Second
57,0,3,Passenger_57,female,,0,0,TICKET_57,17.360265096838884,C56,Third
58,1,3,Passenger_58,female,38.28183416167216,3,0,TICKET_58,4.405124399675928,,Third
59,1,2,Passenger_59,male,7.313888288654372,1,0,TICKET_59,53.98942045940308,,Second
60,0,1,Passenger_60,female,44.4487570060236,0,0,TICKET_60,18.409046781620965,,First
61,1,1,Passenger_61,male,34.20691727914331,1,0,TICKET_61,45.79468108975464,,First
62,0,3,Passenger_62,female,20.504998013086613,0,0,TICKET_62,16.83052763122675,,Third
63,1,3,Passenger_63,male,0.42,0,0,TICKET_63,5.34161686211111,,Third
64,1,3,Passenger_64,male,36.6623970285481,1,2,TICKET_64,31.616064191034194,,Third
65,1,2,Passenger_65,female,37.573694166468805,0,0,TICKET_65,24.291554307685455,,Second
66,0,2,Passenger_66,female,,0,0,TICKET_66,4.305401972398125,,Second
67,1,2,Passenger_67,male,9.613189431334455,0,0,TICKET_67,8.246384848680345,,Second
68,0,2,Passenger_68,female,,0,0,TICKET_68,111.32826261962254,,Second
69,0,3,Passenger_69,male,18.357417275819344,0,2,TICKET_69,1.4310393849056062,,Third
70,0,1,Passenger_70,female,33.072730443009085,2,0,TICKET_70,101.57223235108616,,First
71,0,3,Passenger_71,male,34.670609973358225,0,1,TICKET_71,21.128437952665166,,Third
72,1,2,Passenger_72,female,24.206484798250028,1,0,TICKET_72,1.243857127161022,,Second
73,1,2,Passenger_73,male,21.61306908148346,0,0,TICKET_73,8.873455608712586,C72,Second
74,1,3,Passenger_74,male,39.648837857724615,0,0,TICKET_74,3.505087843056299,,Third
75,0,3,Passenger_75,female,28.708408202319273,2,0,TICKET_75,5.536655978796149,,Third
76,0,3,Passenger_76,female,37.88333428843017,1,0,TICKET_76,3.7457865464524325,,Third
77,0,2,Passenger_77,male,32.18501919150363,1,0,TICKET_77,117.77880051156112,,Second
78,0,3,Passenger_78,female,45.53641164349352,0,4,TICKET_78,3.3230630096960474,,Third
79,0,2,Passenger_79,male,7.518460197051255,3,0,TICKET_79,26.374010564478265,,Second
80,1,3,Passenger_80,male,35.2118673389207,2,0,TICKET_80,34.4927303326469,,Third
81,0,3,Passenger_81,male,10.981129597069433,0,0,TICKET_81,17.204883307075267,,Third
82,1,1,Passenger_82,female,22.0983901801605,0,0,TICKET_82,3.053492260969251,C81,First
83,0,3,Passenger_83,male,40.768258087119804,0,0,TICKET_83,11.21294737224366,,Third
84,0,3,Passenger_84,female,48.787295548894576,0,0,TICKET_84,30.31039905508092,,Third
85,1,1,Passenger_85,male,,1,0,TICKET_85,6.018367173678187,,First
86,1,3,Passenger_86,female,47.26979978068418,0,1,TICKET_86,97.24402206704859,,Third
87,0,1,Passenger_87,male,24.79919402012564,0,0,TICKET_87,6.419205269054121,,First
88,0,2,Passenger_88,female,60.91389280764676,0,0,TICKET_88,45.14916347120854,,Second
89,0,3,Passenger_89,female,19.183229304560786,0,0,TICKET_89,50.126902113896406,C88,Third
90,0,2,Passenger_90,male,41.596906825797234,2,0,TICKET_90,2.1170547434175853,,Second
91,1,3,Passenger_91,female,21.71889341491625,0,0,TICKET_91,32.111706969598664,C90,Third
92,1,1,Passenger_92,male,45.04130127417221,1,2,TICKET_92,11.311455891822684,C91,First
93,0,2,Passenger_93,male,37.28837968375682,1,0,TICKET_93,8.791313409403246,,Second
94,1,3,Passenger_94,female,13.448400313756753,0,0,TICKET_94,88.16047100719163,,Third
95,0,2,Passenger_95,female,42.88851228710013,0,0,TICKET_95,16.63021396307645,,Second
96,1,1,Passenger_96,male,13.327932370876784,0,1,TICKET_96,5.316444711804292,,First
97,0,2,Passenger_97,male,34.155253638064465,0,0,TICKET_97,5.436147307288004,C96,Second
98,0,3,Passenger_98,male,16.255946399821003,0,6,TICKET_98,1.2566111602504346,,Third
99,0,1,Passenger_99,male,29.92017797396886,0,2,TICKET_99,7.321173330507123,,First
100,0,3,Passenger_100,male,9.515244382030499,0,0,TICKET_100,46.982927996177374,,Third
101,0,1,Passenger_101,female,,0,0,TICKET_101,36.27362542261869,C100,First
102,1,3,Passenger_102,male,45.32774045041204,0,0,TICKET_102,8.63650210305786,C101,Third
103,0,1,Passenger_103,male,21.939058211999907,0,0,TICKET_103,15.5408061147143,,First
104,0,3,Passenger_104,male,35.6722317334405,0,0,TICKET_104,17.805090514350344,C103,Third
105,0,2,Passenger_105,female,15.977579768145075,3,1,TICKET_105,32.032111434692794,,Second
106,1,3,Passenger_106,male,35.896537425917565,1,0,TICKET_106,9.486181988193767,,Third
107,1,2,Passenger_107,female,40.7777514926543,0,0,TICKET_107,2.1227633698869086,C106,Second
108,0,1,Passenger_108,male,43.59837508833852,0,0,TICKET_108,20.545210409199473,C107,First
109,1,2,Passenger_109,male,18.972716998644,0,0,TICKET_109,9.745894096663854,,Second
110,0,1,Passenger_110,female,,0,1,TICKET_110,34.75065922664221,,First
111,0,3,Passenger_111,male,,1,0,TICKET_111,11.896165541135906,,Third
112,0,2,Passenger_112,female,14.197736305881175,1,0,TICKET_112,26.85079747850272,,Second
113,0,3,Passenger_113,female,31.48903175972304,0,0,TICKET_113,8.330541698132938,,Third
114,1,3,Passenger_114,male,41.91817549287438,1,2,TICKET_114,16.931867214247806,,Third
115,0,1,Passenger_115,male,17.68051838033185,0,0,TICKET_115,14.65656016729055,C114,First
116,0,2,Passenger_116,male,5.165189464865506,0,0,TICKET_116,5.072883020725584,,Second
117,0,3,Passenger_117,male,25.335054277151556,0,0,TICKET_117,3.1328851955852643,,Third
118,0,3,Passenger_118,male,,0,1,TICKET_118,19.876017145871256,C117,Third
119,0,1,Passenger_119,male,,0,1,TICKET_119,15.707609804306976,,First
120,1,3,Passenger_120,male,29.586195283662864,0,1,TICKET_120,15.898478013502425,,Third
121,1,2,Passenger_121,male,45.39532639435993,0,0,TICKET_121,21.65747569731748,C120,Second
122,0,1,Passenger_122,male,26.662969932547963,1,0,TICKET_122,1.813135180840862,C121,First
123,0,3,Passenger_123,female,32.15433603596534,0,0,TICKET_123,56.48728154739464,,Third
124,0,1,Passenger_124,male,11.597049569888998,1,0,TICKET_124,482.6472052956258,,First
125,1,3,Passenger_125,male,,0,0,TICKET_125,1.134509423184361,,Third
126,1,3,Passenger_126,female,53.085890809389774,0,0,TICKET_126,21.882672038324213,C125,Third
127,0,3,Passenger_127,female,52.658318805784006,3,0,TICKET_127,101.26873243506648,,Third
128,0,1,Passenger_128,male,29.88488668313835,0,0,TICKET_128,6.7208815535090425,,First
129,1,2,Passenger_129,female,32.56189106370175,0,0,TICKET_129,3.3606265224809766,,Second
130,0,3,Passenger_130,male,13.52932138954024,0,0,TICKET_130,11.123523262943943,,Third
131,1,3,Passenger_131,female,41.85237174907306,0,0,TICKET_131,8.5108833130892,,Third
132,0,3,Passenger_132,male,16.94949917718799,0,2,TICKET_132,15.78556357684345,C131,Third
133,0,2,Passenger_133,male,25.433550690737416,0,0,TICKET_133,56.00243186276058,,Second
134,1,2,Passenger_134,male,42.95463971595396,0,0,TICKET_134,23.106900534965227,,Second
135,1,3,Passenger_135,male,23.727046359311945,1,0,TICKET_135,4.114955429390253,,Third
136,0,2,Passenger_136,male,22.92375718300146,0,0,TICKET_136,21.444817764151754,,Second
137,0,1,Passenger_137,male,60.537108382826545,0,0,TICKET_137,3.9020286102100177,,First
138,0,2,Passenger_138,female,29.94313242320743,0,0,TICKET_138,19.97091397262422,,Second
139,0,3,Passenger_139,female,,0,0,TICKET_139,83.54874038444228,,Third
140,0,2,Passenger_140,female,32.036728367700306,0,0,TICKET_140,26.770621175585706,,Second
141,0,1,Passenger_141,male,42.34156764568299,1,0,TICKET_141,37.977782765746525,,First
142,0,1,Passenger_142,female,39.640242626393146,0,0,TICKET_142,10.063791159390245,,First
143,1,1,Passenger_143,male,29.097095658479077,0,0,TICKET_143,10.262955580250066,,First
144,0,2,Passenger_144,female,22.798773220188078,0,0,TICKET_144,3.6733239356813567,,Second
145,0,3,Passenger_145,female,19.1863024113391,0,0,TICKET_145,18.3879358691033,,Third
146,1,3,Passenger_146,male,28.18875630394984,1,6,TICKET_146,5.786879179010287,C145,Third
147,1,1,Passenger_147,male,36.177090972535126,0,0,TICKET_147,46.97449819559851,,First
148,0,3,Passenger_148,female,23.053475905233967,0,0,TICKET_148,7.233232723890562,C147,Third
149,1,1,Passenger_149,male,9.436314419485253,0,2,TICKET_149,5.029876731093114,,First
150,1,1,Passenger_150,female,35.80162060404729,0,1,TICKET_150,6.138240821698668,C149,First
151,0,3,Passenger_151,female,,0,0,TICKET_151,2.6298924623510005,,Third
152,1,3,Passenger_152,male,27.739469176193182,0,0,TICKET_152,62.44527420486958,,Third
153,0,2,Passenger_153,female,,2,0,TICKET_153,37.30621083146943,,Second
154,0,3,Passenger_154,female,18.899615322105834,2,0,TICKET_154,16.715310950106833,,Third
155,1,2,Passenger_155,female,27.856544156835653,1,0,TICKET_155,46.91980010462259,,Second
156,0,3,Passenger_156,male,,0,0,TICKET_156,2.5834610338444484,,Third
157,1,3,Passenger_157,female,4.877220833200607,0,0,TICKET_157,16.506339600785584,,Third
158,1,1,Passenger_158,female,44.39348835663196,0,0,TICKET_158,3.4371838338397414,,First
159,1,1,Passenger_159,male,,2,0,TICKET_159,3.2536266651441843,C158,First
160,0,3,Passenger_160,male,10.170127591610626,0,0,TICKET_160,4.698170816824951,,Third
161,0,1,Passenger_161,female,33.220376665673584,0,0,TICKET_161,12.786862066547364,,First
162,1,3,Passenger_162,male,19.927362700057955,2,0,TICKET_162,13.157610211891258,,Third
163,0,2,Passenger_163,female,,0,0,TICKET_163,7.216922956453803,C162,Second
164,0,3,Passenger_164,male,47.977309680087664,0,0,TICKET_164,1.6742120935742475,,Third
165,0,1,Passenger_165,male,28.779166614968705,0,0,TICKET_165,11.175004129230343,,First
166,1,1,Passenger_166,male,,0,1,TICKET_166,64.14941710990166,,First
167,0,1,Passenger_167,female,34.78155917668078,0,0,TICKET_167,17.94940809695245,,First
168,1,1,Passenger_168,male,26.423873903682015,0,1,TICKET_168,2.996615167414124,C167,First
169,1,2,Passenger_169,male,,0,0,TICKET_169,35.23443450881715,,Second
170,0,3,Passenger_170,male,30.385053567796067,0,0,TICKET_170,2.2329903821958546,,Third
171,1,3,Passenger_171,male,53.382002729913744,1,2,TICKET_171,26.29106061497246,,Third
172,0,3,Passenger_172,male,31.25756773360447,0,0,TICKET_172,0.7369011890810583,,Third
173,1,3,Passenger_173,female,8.91260102023396,0,0,TICKET_173,61.13258773807891,,Third
174,1,1,Passenger_174,male,36.664247917741484,0,0,TICKET_174,549.2924107527807,,First
175,1,2,Passenger_175,male,37.97370132682528,0,0,TICKET_175,6.444395966563899,,Second
176,0,3,Passenger_176,male,45.061757627029245,1,0,TICKET_176,8.055737120555404,,Third
177,0,3,Passenger_177,male,25.464173316530555,0,0,TICKET_177,1.343500206760941,,Third
178,0,3,Passenger_178,male,,0,0,TICKET_178,19.299597261948513,,Third
179,0,1,Passenger_179,male,28.885828204915008,1,1,TICKET_179,4.545652971181462,C178,First
180,0,1,Passenger_180,male,8.341470177098206,1,4,TICKET_180,110.44332553376621,C179,First
181,0,1,Passenger_181,male,23.462493642264377,0,0,TICKET_181,25.628991969809544,,First
182,0,1,Passenger_182,male,28.936866587840985,3,0,TICKET_182,16.0149324179907,,First
183,0,3,Passenger_183,male,32.31544026757407,0,0,TICKET_183,2.2501631580478447,C182,Third
184,1,2,Passenger_184,male,,1,0,TICKET_184,22.87520551988894,,Second
185,0,3,Passenger_185,male,,0,0,TICKET_185,29.123041673056353,,Third
186,1,3,Passenger_186,male,8.9030711260096,0,0,TICKET_186,25.826868615975176,,Third
187,0,2,Passenger_187,female,44.493467265452004,0,0,TICKET_187,24.76269742169169,,Second
188,0,3,Passenger_188,female,51.43532173609354,0,0,TICKET_188,1.9900138814199364,,Third
189,1,3,Passenger_189,male,38.12689347142062,1,0,TICKET_189,1.6721362784791567,,Third
190,0,1,Passenger_190,male,4.979252000838688,0,0,TICKET_190,13.45122965968348,C189,First
191,0,1,Passenger_191,male,17.196871541384116,0,1,TICKET_191,11.286844543551084,,First
192,1,3,Passenger_192,male,51.57042848283982,0,0,TICKET_192,17.28764839790617,C191,Third
193,0,1,Passenger_193,female,,0,0,TICKET_193,12.685816092734045,,First
194,1,3,Passenger_194,female,15.903791286818446,0,6,TICKET_194,24.68971311000391,,Third
195,0,1,Passenger_195,male,33.014852877237516,1,1,TICKET_195,8.026972423297593,C194,First
196,1,1,Passenger_196,male,39.292874666797665,1,0,TICKET_196,146.72402534197025,C195,First
197,0,3,Passenger_197,male,35.760170310228986,0,0,TICKET_197,1.2107047317161397,C196,Third
198,1,3,Passenger_198,male,52.255597751811464,0,0,TICKET_198,45.11239615507334,,Third
199,0,3,Passenger_199,male,9.37408896082335,2,1,TICKET_199,18.814719568598093,,Third
200,0,2,Passenger_200,female,41.565444183256844,0,0,TICKET_200,22.350473520480772,C199,Second
201,0,2,Passenger_201,male,29.74334200327051,0,0,TICKET_201,24.536036868391903,,Second
202,0,1,Passenger_202,male,43.94284639417711,1,0,TICKET_202,21.70239525075486,C201,First
203,1,3,Passenger_203,female,,0,2,TICKET_203,54.21695489822224,,Third
204,1,1,Passenger_204,male,,0,0,TICKET_204,3.758385710620677,,First
205,1,1,Passenger_205,male,0.42,0,0,TICKET_205,24.987693057926464,,First
206,0,3,Passenger_206,male,11.73541777914727,0,0,TICKET_206,5.214750840835729,,Third
207,0,1,Passenger_207,male,37.557356562797985,0,0,TICKET_207,11.636155618683834,,First
208,1,3,Passenger_208,male,33.205624661727036,1,0,TICKET_208,11.818717796088938,,Third
209,1,2,Passenger_209,female,,0,0,TICKET_209,2.621197401639424,,Second
210,0,1,Passenger_210,female,26.53321280424478,0,0,TICKET_210,69.30356485754383,C209,First
211,1,3,Passenger_211,female,31.517547743120698,0,0,TICKET_211,6.9258986275703815,C210,Third
212,0,2,Passenger_212,female,,2,1,TICKET_212,153.29589030895673,,Second
213,0,3,Passenger_213,female,47.44887352952284,0,0,TICKET_213,3.1642931522024047,C212,Third
214,1,1,Passenger_214,male,39.28034516282978,0,1,TICKET_214,23.74647194592391,,First
215,0,1,Passenger_215,female,23.839517008810255,0,0,TICKET_215,7.678205128506976,,First
216,0,1,Passenger_216,male,33.72484479405885,0,0,TICKET_216,46.45836048847423,,First
217,0,1,Passenger_217,female,54.38835535686697,0,0,TICKET_217,15.519023597748816,,First
218,0,3,Passenger_218,male,40.408217276559185,1,0,TICKET_218,32.1964894060695,,Third
219,1,3,Passenger_219,male,41.56509412881296,0,0,TICKET_219,2.6836382332747233,,Third
220,0,3,Passenger_220,male,0.42,1,0,TICKET_220,37.86024952155953,,Third
221,0,3,Passenger_221,male,25.057666830434393,2,1,TICKET_221,18.238111758119874,,Third
222,1,1,Passenger_222,female,34.22735925771768,0,1,TICKET_222,13.417158773813304,C221,First
223,0,1,Passenger_223,female,0.42,0,0,TICKET_223,4.64509560062303,,First
224,1,3,Passenger_224,female,,0,1,TICKET_224,20.68597881804128,,Third
225,1,3,Passenger_225,female,25.474674127277286,0,0,TICKET_225,28.823713152061565,,Third
226,0,3,Passenger_226,male,36.328358326965905,0,1,TICKET_226,92.35498147821805,,Third
227,0,3,Passenger_227,male,,1,0,TICKET_227,44.92292220950992,,Third
228,0,1,Passenger_228,male,50.15185325166598,1,1,TICKET_228,23.807041209325295,,First
229,0,2,Passenger_229,male,7.05450465661443,0,0,TICKET_229,16.50674821859537,,Second
230,0,3,Passenger_230,male,,0,1,TICKET_230,29.586214024616005,,Third
231,0,2,Passenger_231,male,20.43485402339138,0,0,TICKET_231,6.2768186259238075,,Second
232,0,1,Passenger_232,male,41.89027191572377,0,0,TICKET_232,4.003897430166291,,First
233,0,3,Passenger_233,female,,0,0,TICKET_233,27.02946318681683,C232,Third
234,1,3,Passenger_234,male,29.46717604401495,1,0,TICKET_234,6.525109079012963,,Third
235,1,3,Passenger_235,female,65.88832192046104,0,2,TICKET_235,22.76920149333709,,Third
236,0,1,Passenger_236,male,26.91132650064633,0,0,TICKET_236,13.590540232437531,,First
237,0,2,Passenger_237,female,23.040012589925908,0,2,TICKET_237,3.4791316935916283,,Second
238,1,2,Passenger_238,female,31.751160066699107,1,0,TICKET_238,5.443899503763461,,Second
239,0,2,Passenger_239,female,,0,0,TICKET_239,1.3652244445993347,,Second
240,1,1,Passenger_240,male,33.0419083838771,2,0,TICKET_240,36.740782229128726,,First
241,0,2,Passenger_241,male,37.072000122195035,3,0,TICKET_241,6.197531598268572,C240,Second
242,0,3,Passenger_242,male,55.1051286016494,0,0,TICKET_242,105.48003186639814,,Third
243,1,3,Passenger_243,female,39.26194021894341,0,0,TICKET_243,4.584915418165854,C242,Third
244,0,3,Passenger_244,female,,2,0,TICKET_244,62.14985609198316,C243,Third
245,0,2,Passenger_245,male,10.896251870986447,0,1,TICKET_245,172.72192157795794,,Second
246,0,3,Passenger_246,male,35.32665591468648,0,0,TICKET_246,47.84754357847856,,Third
247,1,3,Passenger_247,male,29.425000667377354,0,0,TICKET_247,22.990784531249645,C246,Third
248,0,3,Passenger_248,male,,0,1,TICKET_248,40.17426399959919,,Third
249,1,3,Passenger_249,male,18.47976698494658,1,0,TICKET_249,7.902629219320893,,Third
250,1,3,Passenger_250,male,19.051835443598627,0,0,TICKET_250,229.49699076431648,C249,Third
251,0,3,Passenger_251,male,0.42,0,0,TICKET_251,339.99859508655913,,Third
252,0,3,Passenger_252,male,31.533351672309415,5,0,TICKET_252,3.127062037153472,,Third
253,1,1,Passenger_253,male,,0,0,TICKET_253,10.105322889857932,C252,First
254,0,3,Passenger_254,female,,0,0,TICKET_254,3.4279445505359973,,Third
255,0,3,Passenger_255,male,52.407143763513034,0,2,TICKET_255,81.29407202075764,,Third
256,1,1,Passenger_256,male,50.197782227434246,1,0,TICKET_256,4.4807653364152165,,First
257,1,3,Passenger_257,female,34.398672178497456,0,0,TICKET_257,5.94839918754667,,Third
258,1,1,Passenger_258,male,9.429412213560006,2,0,TICKET_258,14.279111570802408,,First
259,0,3,Passenger_259,male,36.53663496176558,1,0,TICKET_259,15.074139558834021,,Third
260,0,3,Passenger_260,female,28.902131612596442,2,0,TICKET_260,6.643402657380738,C259,Third
261,0,1,Passenger_261,male,17.70729339393472,0,0,TICKET_261,68.69060557687737,C260,First
262,0,1,Passenger_262,male,,0,0,TICKET_262,3.5955840078995407,,First
263,1,3,Passenger_263,male,28.79978717045383,1,1,TICKET_263,1.1525477167021048,,Third
264,0,1,Passenger_264,male,44.66647144657729,0,0,TICKET_264,32.52992674254433,C263,First
265,0,3,Passenger_265,male,33.80761022819252,1,0,TICKET_265,52.29313288657607,,Third
266,0,1,Passenger_266,male,,0,2,TICKET_266,26.522419646117864,,First
267,0,3,Passenger_267,male,31.75970344738139,1,2,TICKET_267,80.81235252021655,,Third
268,0,2,Passenger_268,male,32.8389911520386,0,0,TICKET_268,3.309993080682724,,Second
269,0,3,Passenger_269,female,24.825643537763305,0,0,TICKET_269,3.4764570369575987,C268,Third
270,1,3,Passenger_270,female,23.521667922839477,0,0,TICKET_270,16.182263276144475,C269,Third
271,0,3,Passenger_271,female,8.48882425771685,0,0,TICKET_271,10.499738748540796,,Third
272,0,3,Passenger_272,male,41.07191376820218,0,0,TICKET_272,7.950508804662441,,Third
273,0,3,Passenger_273,male,48.756680973975506,0,0,TICKET_273,5.860937790505657,,Third
274,0,2,Passenger_274,male,0.42,0,0,TICKET_274,5.010363172126567,C273,Second
275,0,1,Passenger_275,female,,0,0,TICKET_275,69.00303704121579,C274,First
276,0,1,Passenger_276,male,32.85395518196038,2,0,TICKET_276,34.60001781389394,,First
277,0,1,Passenger_277,female,41.558969241839826,0,0,TICKET_277,7.791896104736217,,First
278,0,2,Passenger_278,female,26.673485370954854,0,0,TICKET_278,3.8900795346867802,,Second
279,1,3,Passenger_279,male,29.592395644936456,1,0,TICKET_279,3.190249725452123,C278,Third
280,0,1,Passenger_280,female,39.76581313828781,1,0,TICKET_280,12.27599259273094,,First
281,1,1,Passenger_281,male,29.664839996697992,0,2,TICKET_281,7.0511519457442695,,First
282,0,3,Passenger_282,male,,3,0,TICKET_282,8.362788561689685,,Third
283,0,1,Passenger_283,male,,0,0,TICKET_283,3.3934029677835804,,First
284,1,1,Passenger_284,female,36.12544944897373,0,2,TICKET_284,29.72375434533926,,First
285,0,3,Passenger_285,male,29.72743180052989,0,0,TICKET_285,16.096101766693234,C284,Third
286,1,3,Passenger_286,female,,1,0,TICKET_286,10.101549506051331,,Third
287,1,3,Passenger_287,male,12.468766743031075,1,0,TICKET_287,15.610583214840696,,Third
288,1,2,Passenger_288,male,35.939393176102826,1,1,TICKET_288,23.630962010685117,,Second
289,1,1,Passenger_289,female,29.672144688542758,0,0,TICKET_289,4.545081448817372,,First
290,1,1,Passenger_290,male,25.799891877504702,0,0,TICKET_290,18.12552271634796,,First
291,0,1,Passenger_291,female,,0,0,TICKET_291,5.070110431241844,,First
292,1,1,Passenger_292,male,11.42302762939979,0,2,TICKET_292,12.87488209854593,C291,First
293,0,1,Passenger_293,female,27.943595469275497,0,2,TICKET_293,7.354934492495473,,First
294,1,2,Passenger_294,male,17.167205824063927,0,0,TICKET_294,7.60680304930606,C293,Second
295,0,1,Passenger_295,female,19.954475427860302,1,0,TICKET_295,17.258248460533807,,First
296,1,1,Passenger_296,female,27.765664228963374,0,1,TICKET_296,10.247301537143588,C295,First
297,1,2,Passenger_297,female,0.42,0,0,TICKET_297,10.1780931607176,C296,Second
298,1,3,Passenger_298,male,51.40601388694943,0,3,TICKET_298,19.84561256922784,,Third
299,0,2,Passenger_299,male,46.69579553418275,0,0,TICKET_299,6.003823321426112,,Second
300,0,3,Passenger_300,male,11.604653742799059,0,0,TICKET_300,18.145029553467264,C299,Third
301,0,3,Passenger_301,male,18.795959554653145,1,1,TICKET_301,0.9966303477058919,,Third
302,1,1,Passenger_302,female,28.228717687924757,0,0,TICKET_302,13.565551460761474,,First
303,0,3,Passenger_303,male,14.688819494807444,0,0,TICKET_303,4.641649024177453,,Third
304,0,1,Passenger_304,male,,0,0,TICKET_304,55.89276542946357,,First
305,0,3,Passenger_305,male,0.42,0,2,TICKET_305,2.2247310800771567,,Third
306,1,2,Passenger_306,male,,2,0,TICKET_306,10.288031606249204,,Second
307,0,3,Passenger_307,male,39.81155049559809,0,0,TICKET_307,12.871184141803713,,Third
308,0,3,Passenger_308,male,,1,0,TICKET_308,27.667746560261595,C307,Third
309,0,1,Passenger_309,female,,0,1,TICKET_309,3.248146484173872,,First
310,0,3,Passenger_310,female,37.10029014373762,0,0,TICKET_310,2.9309420935080936,,Third
311,0,3,Passenger_311,male,21.801027936664504,1,0,TICKET_311,14.214100735658548,,Third
312,1,3,Passenger_312,male,14.982397751871252,0,0,TICKET_312,26.80725295840654,C311,Third
313,0,3,Passenger_313,male,,1,0,TICKET_313,22.53406376611058,,Third
314,0,3,Passenger_314,male,37.18654806857462,0,1,TICKET_314,24.708698569878607,,Third
315,0,1,Passenger_315,female,,0,0,TICKET_315,25.333911299336062,C314,First
316,1,3,Passenger_316,male,,0,1,TICKET_316,144.88468162274359,,Third
317,0,2,Passenger_317,female,41.93313714631803,0,0,TICKET_317,9.904047361364748,,Second
318,1,3,Passenger_318,female,24.49520832052025,2,0,TICKET_318,9.602945173706866,,Third
319,0,3,Passenger_319,male,,0,1,TICKET_319,1.4081837504813524,,Third
320,0,1,Passenger_320,male,46.372648311347106,4,1,TICKET_320,23.510100357691087,,First
321,0,3,Passenger_321,male,20.113800426479976,0,1,TICKET_321,5.7197700160816405,,Third
322,0,2,Passenger_322,male,41.20270038462827,0,0,TICKET_322,10.66057777788663,,Second
323,1,3,Passenger_323,female,,2,0,TICKET_323,14.682613937545057,,Third
324,0,3,Passenger_324,male,30.911624420815794,1,1,TICKET_324,4.387331048828468,,Third
325,0,3,Passenger_325,male,55.230176950503306,1,0,TICKET_325,35.12521822842926,,Third
326,0,2,Passenger_326,male,0.7511119862140525,1,0,TICKET_326,2.650574594689577,,Second
327,0,1,Passenger_327,male,19.964942641360366,0,2,TICKET_327,4.572042733036043,,First
328,1,3,Passenger_328,male,38.77563497515317,0,2,TICKET_328,5.335075889513519,,Third
329,0,3,Passenger_329,male,41.46215071247496,0,0,TICKET_329,4.1490629054538966,C328,Third
330,1,3,Passenger_330,male,28.273565063188563,0,0,TICKET_330,3.1145060364491335,,Third
331,1,2,Passenger_331,female,48.855236367970214,2,2,TICKET_331,6.693144367409383,,Second
332,1,3,Passenger_332,male,44.14324332445919,1,1,TICKET_332,6.894567674218815,C331,Third
333,0,3,Passenger_333,male,31.04558796289618,3,0,TICKET_333,135.27805715396346,C332,Third
334,1,2,Passenger_334,female,36.6961877326247,4,1,TICKET_334,37.38996260433234,,Second
335,0,2,Passenger_335,female,46.90069273083621,0,1,TICKET_335,13.762691835445597,,Second
336,0,3,Passenger_336,male,,0,0,TICKET_336,6.108536099505897,,Third
337,0,3,Passenger_337,female,27.480483824070483,1,0,TICKET_337,4.861026306262353,,Third
338,1,3,Passenger_338,female,10.52941139521538,1,0,TICKET_338,2.220391365908764,,Third
339,0,3,Passenger_339,male,17.70710007458958,1,0,TICKET_339,6.726343533950067,,Third
340,0,3,Passenger_340,male,47.81886547082611,0,1,TICKET_340,6.4897556597546675,,Third
341,1,2,Passenger_341,female,27.34562055117314,0,0,TICKET_341,21.572553263992823,C340,Second
342,1,3,Passenger_342,male,30.55114740749139,1,0,TICKET_342,5.838426352153385,,Third
343,0,3,Passenger_343,male,44.67390089370862,2,0,TICKET_343,13.666733029443273,C342,Third
344,1,3,Passenger_344,male,29.24027783519318,1,0,TICKET_344,45.76727440894987,,Third
345,0,3,Passenger_345,female,37.75102660777588,1,1,TICKET_345,182.41885682638025,,Third
346,0,1,Passenger_346,male,41.59029116427909,0,0,TICKET_346,1.2327254881879242,,First
347,0,3,Passenger_347,male,35.73742802559864,1,2,TICKET_347,11.094308453064661,,Third
348,0,1,Passenger_348,male,,2,0,TICKET_348,2.795490784631007,C347,First
349,1,2,Passenger_349,male,,0,0,TICKET_349,486.96374062448103,,Second
350,1,3,Passenger_350,female,,0,1,TICKET_350,2.4833946532269886,,Third
351,1,3,Passenger_351,male,30.200164668841094,0,0,TICKET_351,50.063135597874755,C350,Third
352,1,2,Passenger_352,female,25.292141755377394,0,0,TICKET_352,30.45413376593173,,Second
353,0,3,Passenger_353,female,24.745384642906032,0,0,TICKET_353,4.0924213450611155,,Third
354,0,1,Passenger_354,male,7.504044321913732,0,0,TICKET_354,4.5169698254156065,,First
355,0,1,Passenger_355,female,37.61319351654491,0,0,TICKET_355,21.46766458014172,,First
356,0,3,Passenger_356,male,22.363856230145075,1,0,TICKET_356,35.553396297046724,,Third
357,0,3,Passenger_357,male,,1,0,TICKET_357,55.49020607155349,C356,Third
358,0,3,Passenger_358,female,15.153460745242652,1,0,TICKET_358,16.94035912181033,,Third
359,0,1,Passenger_359,male,,0,0,TICKET_359,23.064461081786693,C358,First
360,0,2,Passenger_360,male,23.358093141673915,0,0,TICKET_360,31.09505447175189,,Second
361,0,2,Passenger_361,male,28.578927664116804,0,0,TICKET_361,3.3933067229761966,,Second
362,0,1,Passenger_362,female,,3,0,TICKET_362,51.22494910084256,,First
363,1,1,Passenger_363,male,41.12658920197564,3,0,TICKET_363,13.411871961799463,,First
364,0,1,Passenger_364,female,32.66915602803351,1,2,TICKET_364,17.28315652173766,,First
365,0,3,Passenger_365,male,41.328983445817954,1,0,TICKET_365,5.377782746100279,,Third
366,1,1,Passenger_366,male,71.04988401532395,1,0,TICKET_366,2.700589320558472,,First
367,0,1,Passenger_367,female,27.767241672134077,0,0,TICKET_367,3.5943029584240285,,First
368,0,3,Passenger_368,male,,0,0,TICKET_368,6.813465347190613,,Third
369,0,1,Passenger_369,male,,1,2,TICKET_369,3.169649222021297,,First
370,1,3,Passenger_370,male,15.589216872432845,0,0,TICKET_370,93.8922699952507,,Third
371,1,3,Passenger_371,male,26.21457890767072,0,0,TICKET_371,10.508123500454298,,Third
372,0,2,Passenger_372,male,42.71368669378759,0,0,TICKET_372,43.47201992173402,,Second
373,0,3,Passenger_373,female,38.99431469288665,0,0,TICKET_373,3.562576173913954,,Third
374,1,1,Passenger_374,male,20.273473675467123,0,0,TICKET_374,42.4525735915775,,First
375,1,3,Passenger_375,female,21.98011836401495,0,1,TICKET_375,24.289008318917308,,Third
376,0,3,Passenger_376,female,45.30676545942452,0,0,TICKET_376,1.1375294238501503,,Third
377,1,2,Passenger_377,male,37.82825456575219,1,0,TICKET_377,17.084113964897536,,Second
378,0,2,Passenger_378,male,,0,0,TICKET_378,34.90802186901515,C377,Second
379,1,3,Passenger_379,male,25.605009149947808,0,0,TICKET_379,11.002720250174661,,Third
380,0,3,Passenger_380,female,17.58866583592897,4,0,TICKET_380,88.39025874849462,C379,Third
381,0,3,Passenger_381,male,24.403092444324002,1,0,TICKET_381,50.45718137272516,,Third
382,1,3,Passenger_382,female,,0,0,TICKET_382,46.67607925329469,,Third
383,1,1,Passenger_383,male,,0,0,TICKET_383,4.6953914445057325,,First
384,1,3,Passenger_384,male,45.49990953556254,0,0,TICKET_384,5.30492819344255,,Third
385,1,3,Passenger_385,male,0.4797472022049689,2,1,TICKET_385,10.600303884883015,,Third
386,0,3,Passenger_386,male,46.7709998585863,1,0,TICKET_386,54.22033754629866,C385,Third
387,0,3,Passenger_387,male,,4,2,TICKET_387,40.57651090254049,,Third
388,1,3,Passenger_388,male,64.00282790497405,0,0,TICKET_388,45.660338644389114,,Third
389,1,3,Passenger_389,female,18.3291497888548,0,0,TICKET_389,126.38848666986631,,Third
390,0,2,Passenger_390,male,22.76666304857947,0,0,TICKET_390,3.9885214001971616,,Second
391,0,3,Passenger_391,female,47.18033664907115,0,0,TICKET_391,2.8907119199327496,,Third
392,0,3,Passenger_392,male,15.51099230275187,0,0,TICKET_392,14.849907710333015,,Third
393,1,1,Passenger_393,female,20.24681601039009,0,0,TICKET_393,21.06781989387825,,First
394,0,3,Passenger_394,female,14.344595138785069,0,0,TICKET_394,79.39645902816086,,Third
395,0,2,Passenger_395,male,43.01968619049188,0,0,TICKET_395,5.876836366173479,,Second
396,0,3,Passenger_396,male,29.284877367836412,1,0,TICKET_396,234.55275055064274,,Third
397,0,2,Passenger_397,male,56.228319427783816,0,0,TICKET_397,0.9726962670353335,C396,Second
398,0,1,Passenger_398,female,21.21579512207407,0,0,TICKET_398,21.18450787501128,,First
399,0,1,Passenger_399,female,22.11293806568164,0,0,TICKET_399,3.5814023483194872,,First
400,1,3,Passenger_400,male,19.821085694409934,1,0,TICKET_400,11.311757335684804,,Third
401,0,3,Passenger_401,male,4.113735814016653,0,0,TICKET_401,0.7104039670282373,C400,Third
402,0,3,Passenger_402,male,19.187720183886317,1,0,TICKET_402,16.13533008264043,,Third
403,1,1,Passenger_403,female,45.11930409560939,0,0,TICKET_403,14.38918439579562,,First
404,0,2,Passenger_404,female,36.49615819910007,0,0,TICKET_404,1.4844134188175897,C403,Second
405,1,2,Passenger_405,female,48.00185345462006,0,2,TICKET_405,39.09475883367466,,Second
406,0,3,Passenger_406,male,,0,0,TICKET_406,45.62108727477784,,Third
407,1,2,Passenger_407,male,19.685190397429196,0,0,TICKET_407,11.102263190733584,,Second
408,0,2,Passenger_408,female,6.9824544897966625,0,0,TICKET_408,0.9140439028757775,,Second
409,0,3,Passenger_409,male,32.43953755273294,0,0,TICKET_409,57.903042141795254,,Third
410,0,1,Passenger_410,male,15.899044860729875,0,0,TICKET_410,2.376760279795765,,First
411,0,3,Passenger_411,female,,0,0,TICKET_411,9.196530248135815,,Third
412,0,3,Passenger_412,male,,0,0,TICKET_412,3.3487867884923777,,Third
413,1,1,Passenger_413,male,52.557492809582385,1,0,TICKET_413,65.84200890486292,,First
414,1,1,Passenger_414,male,34.99049591781961,0,2,TICKET_414,43.24305435933684,C413,First
415,0,3,Passenger_415,female,0.42,0,6,TICKET_415,6.1830130445787965,C414,Third
416,0,3,Passenger_416,male,34.67000783952674,0,1,TICKET_416,61.76888398344901,C415,Third
417,0,3,Passenger_417,male,10.315131245947093,0,0,TICKET_417,177.57801461638294,,Third
418,0,2,Passenger_418,male,51.85341707329758,0,0,TICKET_418,24.521301355421702,,Second
419,0,3,Passenger_419,male,39.92867084921934,0,1,TICKET_419,5.667869026587281,,Third
420,1,1,Passenger_420,female,,0,0,TICKET_420,11.565524457918517,,First
421,0,2,Passenger_421,male,36.10420797102114,1,0,TICKET_421,39.017060809967965,C420,Second
422,0,2,Passenger_422,male,,0,0,TICKET_422,13.174765101687406,,Second
423,1,2,Passenger_423,male,24.129720733255198,1,0,TICKET_423,25.38228608248179,C422,Second
424,1,3,Passenger_424,male,40.09056095696842,0,0,TICKET_424,5.482880284774267,,Third
425,0,3,Passenger_425,male,,0,6,TICKET_425,83.07742688275823,,Third
426,1,3,Passenger_426,female,44.28558338935242,1,0,TICKET_426,19.736434703994437,,Third
427,1,1,Passenger_427,male,0.42,0,0,TICKET_427,24.543040184332135,,First
428,0,2,Passenger_428,male,71.25163394781468,2,0,TICKET_428,4.633671095484029,,Second
429,1,3,Passenger_429,male,31.020011473957073,1,0,TICKET_429,3.4794870651211163,C428,Third
430,0,3,Passenger_430,male,21.212333030689372,2,0,TICKET_430,16.292767215115685,,Third
431,0,3,Passenger_431,female,80.0,0,1,TICKET_431,7.049792472120655,C430,Third
432,0,1,Passenger_432,female,,3,0,TICKET_432,11.054707932767503,,First
433,0,3,Passenger_433,female,28.375888779063345,0,0,TICKET_433,60.626735133489895,,Third
434,0,3,Passenger_434,male,24.772641031611347,0,0,TICKET_434,2.83066927117729,,Third
435,0,1,Passenger_435,male,52.76040824868727,0,0,TICKET_435,21.205022769061756,,First
436,0,1,Passenger_436,male,22.20341254171364,0,0,TICKET_436,19.128816016925974,,First
437,1,2,Passenger_437,female,19.215589847845457,2,0,TICKET_437,88.28745825873197,C436,Second
438,0,3,Passenger_438,male,50.472439486604785,1,1,TICKET_438,18.82837888258573,,Third
439,1,2,Passenger_439,male,52.82866581788358,1,0,TICKET_439,13.092379258429263,,Second
440,0,1,Passenger_440,male,19.130101827882168,0,0,TICKET_440,3.2887914125094038,,First
441,0,3,Passenger_441,male,56.30306786558728,1,0,TICKET_441,21.24079461419327,,Third
442,0,3,Passenger_442,male,,1,1,TICKET_442,23.821640184378808,,Third
443,1,3,Passenger_443,male,45.20007711918859,1,0,TICKET_443,69.17000504793961,,Third
444,0,3,Passenger_444,male,47.53831256617502,0,1,TICKET_444,16.039440917873957,,Third
445,0,1,Passenger_445,male,36.3238276250693,0,0,TICKET_445,22.47534556241075,C444,First
446,1,2,Passenger_446,male,24.355565590478797,0,2,TICKET_446,1.2973896632200097,C445,Second
447,1,1,Passenger_447,male,57.582962479789025,1,0,TICKET_447,10.210166128189062,,First
448,0,3,Passenger_448,male,,1,1,TICKET_448,6.639696263125221,,Third
449,0,3,Passenger_449,female,28.867963602859746,0,0,TICKET_449,5.310308828117628,,Third
450,0,3,Passenger_450,female,36.44088910768524,0,0,TICKET_450,17.43394118086982,C449,Third
451,0,1,Passenger_451,male,22.80087036912673,0,0,TICKET_451,17.93675736465415,,First
452,1,3,Passenger_452,male,47.80960751624938,0,0,TICKET_452,43.301783075374246,,Third
453,0,3,Passenger_453,male,16.998530693759886,0,1,TICKET_453,2.2710019906906362,,Third
454,1,1,Passenger_454,female,,1,0,TICKET_454,65.69788459856059,C453,First
455,1,3,Passenger_455,female,33.6072991186321,2,0,TICKET_455,17.864764641314135,,Third
456,0,3,Passenger_456,male,29.318664090345063,0,0,TICKET_456,5.657489467400509,,Third
457,0,2,Passenger_457,male,17.325995791860173,1,2,TICKET_457,14.905569610926893,C456,Second
458,0,2,Passenger_458,male,23.984151999356513,0,0,TICKET_458,2.6167264841016133,,Second
459,1,3,Passenger_459,male,44.263584444391,0,0,TICKET_459,50.82501579932002,,Third
460,1,3,Passenger_460,female,,1,0,TICKET_460,28.235870991870257,,Third
461,0,3,Passenger_461,male,36.77465474436891,0,2,TICKET_461,59.38018553077285,,Third
462,0,3,Passenger_462,male,30.09352516543012,3,0,TICKET_462,55.4518361017934,,Third
463,0,3,Passenger_463,male,21.454349741027613,3,1,TICKET_463,15.487154823456025,,Third
464,1,3,Passenger_464,male,2.5816286098622996,0,2,TICKET_464,39.92163690910555,,Third
465,1,3,Passenger_465,male,,3,0,TICKET_465,11.590840200646133,,Third
466,0,2,Passenger_466,female,24.922210086407134,0,2,TICKET_466,16.5578635016182,C465,Second
467,1,1,Passenger_467,female,40.40209521881952,0,1,TICKET_467,33.24872273892307,,First
468,0,2,Passenger_468,male,,1,0,TICKET_468,15.404655814798128,,Second
469,0,1,Passenger_469,male,27.967885402270234,1,0,TICKET_469,70.17415307071279,C468,First
470,0,1,Passenger_470,male,37.499627562244854,0,0,TICKET_470,5.182803906318499,,First
471,0,3,Passenger_471,female,25.911247439690793,0,0,TICKET_471,10.380589019418833,,Third
472,1,3,Passenger_472,male,43.31693928132005,0,1,TICKET_472,31.364379393461704,,Third
473,0,1,Passenger_473,male,53.441799942150965,0,0,TICKET_473,146.70166653459935,,First
474,0,1,Passenger_474,female,,0,0,TICKET_474,38.24434582995295,C473,First
475,1,3,Passenger_475,male,36.23692482176644,0,0,TICKET_475,17.00560572070326,C474,Third
476,0,3,Passenger_476,male,34.08105335388131,0,1,TICKET_476,9.473542444495715,,Third
477,1,1,Passenger_477,male,,0,0,TICKET_477,20.300092418726173,,First
478,0,3,Passenger_478,male,15.859897593805837,0,0,TICKET_478,9.218074566680801,C477,Third
479,1,1,Passenger_479,male,32.92822938793213,1,0,TICKET_479,10.791724437589291,,First
480,0,3,Passenger_480,male,70.21863722765859,0,0,TICKET_480,8.655010786865743,,Third
481,0,1,Passenger_481,male,,0,0,TICKET_481,68.56813233033967,C480,First
482,1,3,Passenger_482,female,42.345489213080626,0,0,TICKET_482,70.45270085189699,,Third
483,1,3,Passenger_483,male,30.164703766820818,0,1,TICKET_483,19.056982490916877,,Third
484,1,3,Passenger_484,female,18.897148308343716,1,0,TICKET_484,5.342200073717507,,Third
485,0,1,Passenger_485,male,43.79518449064305,0,0,TICKET_485,5.389696900333445,,First
486,0,3,Passenger_486,male,0.42,1,0,TICKET_486,114.5331618858003,,Third
487,0,1,Passenger_487,female,,0,0,TICKET_487,26.552689798601175,,First
488,0,3,Passenger_488,male,48.70207378345653,0,0,TICKET_488,1.2182906432015612,,Third
489,1,3,Passenger_489,male,45.43894844521367,0,1,TICKET_489,13.85229917887644,,Third
490,0,3,Passenger_490,male,,0,0,TICKET_490,64.6291818638236,C489,Third
491,0,1,Passenger_491,male,46.448811302262754,0,0,TICKET_491,1.4609194536393457,C490,First
492,1,3,Passenger_492,male,,1,2,TICKET_492,68.4242632106078,,Third
493,1,3,Passenger_493,male,34.67354754938627,0,1,TICKET_493,3.07351031270478,,Third
494,0,1,Passenger_494,male,,0,0,TICKET_494,3.1834318504845953,,First
495,0,3,Passenger_495,male,52.09828658620878,0,0,TICKET_495,99.8704352823595,,Third
496,1,3,Passenger_496,female,41.2891133488499,1,0,TICKET_496,14.420827057971291,,Third
497,1,2,Passenger_497,male,35.05433645747533,0,1,TICKET_497,41.162803371982605,,Second
498,1,2,Passenger_498,female,36.65949145990615,0,0,TICKET_498,26.238432089708454,,Second
499,0,3,Passenger_499,male,26.518451118568134,0,0,TICKET_499,20.64795584924202,,Third
500,1,2,Passenger_500,male,36.07138462381695,0,0,TICKET_500,81.92082420207291,,Second
501,0,3,Passenger_501,male,55.44376276860133,0,0,TICKET_501,47.09752812813409,,Third
502,0,3,Passenger_502,male,30.807432358104688,0,0,TICKET_502,7.719723541869108,,Third
503,1,1,Passenger_503,female,35.257524912876285,0,0,TICKET_503,65.84026470245243,,First
504,0,3,Passenger_504,female,,0,0,TICKET_504,7.319236353613854,,Third
505,1,3,Passenger_505,female,26.015860478437894,0,0,TICKET_505,4.98307453422853,,Third
506,0,1,Passenger_506,female,,0,0,TICKET_506,113.7981881562469,,First
507,0,3,Passenger_507,female,20.785139281745284,0,1,TICKET_507,11.070460686901956,,Third
508,0,3,Passenger_508,female,41.42154751066583,1,0,TICKET_508,2.540995050895593,,Third
509,1,3,Passenger_509,male,53.81728328513684,1,0,TICKET_509,5.61023239194092,,Third
510,0,3,Passenger_510,male,17.88375483810733,1,0,TICKET_510,58.78307621192982,C509,Third
511,1,3,Passenger_511,male,38.36162664368512,0,0,TICKET_511,8.124930987179262,,Third
512,1,1,Passenger_512,male,28.74419111238636,1,0,TICKET_512,7.361097029159753,,First
513,1,3,Passenger_513,male,22.988181140741588,0,1,TICKET_513,190.52980539985592,,Third
514,0,1,Passenger_514,female,40.8915129179734,0,0,TICKET_514,3.9825742283423957,,First
515,0,3,Passenger_515,female,35.67666651892343,0,1,TICKET_515,4.162549640462342,,Third
516,0,3,Passenger_516,male,29.671025381978637,2,0,TICKET_516,23.0022137147732,,Third
517,0,3,Passenger_517,male,22.695040257001786,0,1,TICKET_517,2.1203438464593347,,Third
518,1,2,Passenger_518,male,36.03903593914152,1,0,TICKET_518,15.684254335818816,C517,Second
519,0,3,Passenger_519,male,44.69169826054238,0,0,TICKET_519,8.933989404082679,,Third
520,0,3,Passenger_520,female,,1,1,TICKET_520,24.146890789025175,,Third
521,1,1,Passenger_521,female,65.41381071792468,0,0,TICKET_521,11.828327604695449,,First
522,0,3,Passenger_522,male,38.83297474459438,1,0,TICKET_522,31.03723416352189,,Third
523,1,3,Passenger_523,female,,0,0,TICKET_523,3.13559471836567,,Third
524,0,3,Passenger_524,male,19.903698154853835,0,0,TICKET_524,14.751865477269599,C523,Third
525,0,3,Passenger_525,male,,0,1,TICKET_525,11.601424898170803,,Third
526,0,2,Passenger_526,male,26.13939318905507,1,0,TICKET_526,69.93534598171328,,Second
527,0,3,Passenger_527,female,40.68979155983817,0,0,TICKET_527,40.9031636503553,,Third
528,0,1,Passenger_528,male,24.896281029537967,0,0,TICKET_528,7.8422636684201255,,First
529,1,3,Passenger_529,male,,0,0,TICKET_529,3.8456711837392894,,Third
530,0,3,Passenger_530,female,8.20436288785249,0,0,TICKET_530,3.8440092686259804,C529,Third
531,0,3,Passenger_531,female,,4,0,TICKET_531,53.03222284318245,,Third
532,1,1,Passenger_532,male,30.857524941490443,0,0,TICKET_532,29.471914525128444,,First
533,1,3,Passenger_533,male,47.00324802129292,1,0,TICKET_533,34.81393636722806,,Third
534,0,3,Passenger_534,female,34.70617710662429,0,0,TICKET_534,51.5622171474372,,Third
535,1,1,Passenger_535,female,,0,2,TICKET_535,3.026076747869126,,First
536,0,3,Passenger_536,female,33.903670956792794,1,3,TICKET_536,3.1780156354739963,,Third
537,0,3,Passenger_537,female,12.740907458800265,0,0,TICKET_537,12.126725641179611,,Third
538,0,3,Passenger_538,male,20.244728850972983,1,0,TICKET_538,35.940009368893655,,Third
539,1,2,Passenger_539,male,,0,1,TICKET_539,14.048246403705981,,Second
540,1,1,Passenger_540,male,,0,0,TICKET_540,10.96411331374975,,First
541,0,3,Passenger_541,female,15.648236879919702,0,0,TICKET_541,6.572424944851873,,Third
542,0,1,Passenger_542,female,32.74030444112569,1,0,TICKET_542,12.797504790091315,C541,First
543,0,2,Passenger_543,male,66.81831253285132,0,0,TICKET_543,5.949686619205106,,Second
544,1,2,Passenger_544,female,29.121682123203108,0,0,TICKET_544,1.383488512550355,,Second
545,0,3,Passenger_545,female,48.17810276538562,0,6,TICKET_545,15.367161853450641,,Third
546,1,3,Passenger_546,male,15.76196934306792,0,1,TICKET_546,2.8306354808844083,,Third
547,1,3,Passenger_547,male,46.54563316014572,0,3,TICKET_547,36.533536437587394,,Third
548,0,1,Passenger_548,female,33.724857758513416,1,1,TICKET_548,9.241825982073461,,First
549,0,3,Passenger_549,male,48.91802948434673,2,0,TICKET_549,3.8197374732270872,C548,Third
550,1,3,Passenger_550,male,42.3456565189875,0,2,TICKET_550,2.354238308052887,,Third
551,0,3,Passenger_551,male,34.30566979589095,0,0,TICKET_551,10.141273703324346,,Third
552,0,2,Passenger_552,female,41.73791690947625,0,0,TICKET_552,15.977591887144179,,Second
553,0,3,Passenger_553,male,38.787341062277136,0,0,TICKET_553,71.42619021517534,C552,Third
554,1,2,Passenger_554,male,38.42915762688888,1,4,TICKET_554,3.365925524361221,,Second
555,0,3,Passenger_555,female,9.189613188032922,0,0,TICKET_555,49.587853515065504,,Third
556,1,3,Passenger_556,male,,0,0,TICKET_556,2.4075759686017126,,Third
557,0,3,Passenger_557,male,21.06396229492622,0,1,TICKET_557,18.02800144436356,,Third
558,0,3,Passenger_558,male,24.110997200025935,0,0,TICKET_558,50.45670148184591,,Third
559,0,3,Passenger_559,male,,0,0,TICKET_559,1.2823924637451474,C558,Third
560,0,1,Passenger_560,female,45.558704938653435,1,1,TICKET_560,4.023751962932447,C559,First
561,1,1,Passenger_561,female,32.67654193359452,1,0,TICKET_561,4.995000618718955,C560,First
562,0,3,Passenger_562,male,,0,0,TICKET_562,200.6400150667117,,Third
563,1,2,Passenger_563,female,,0,0,TICKET_563,15.682127012012826,,Second
564,0,3,Passenger_564,male,36.953594751923475,0,0,TICKET_564,29.542859946127237,C563,Third
565,1,3,Passenger_565,male,25.929037380467133,2,0,TICKET_565,28.969596581844655,,Third
566,0,3,Passenger_566,male,38.32601219467048,0,0,TICKET_566,22.94238831874426,,Third
567,0,3,Passenger_567,female,,0,0,TICKET_567,14.315848977520748,,Third
568,0,1,Passenger_568,male,,0,0,TICKET_568,5.227639536757966,,First
569,1,3,Passenger_569,female,38.74310242454389,0,0,TICKET_569,5.124315638767839,,Third
570,0,3,Passenger_570,female,39.91672226925454,0,1,TICKET_570,1.792744761618579,,Third
571,0,1,Passenger_571,male,30.296432762184462,0,1,TICKET_571,19.106675815512677,,First
572,0,1,Passenger_572,female,49.299417742669554,0,0,TICKET_572,42.25061107778024,,First
573,0,1,Passenger_573,male,14.201830058026346,0,0,TICKET_573,21.566408925483678,C572,First
574,1,3,Passenger_574,female,20.01746085351246,0,0,TICKET_574,23.935066198998907,,Third
575,0,3,Passenger_575,female,30.936726391691348,0,0,TICKET_575,8.556832769315989,C574,Third
576,1,2,Passenger_576,male,37.40370752502179,0,0,TICKET_576,1.5727740200177047,,Second
577,1,1,Passenger_577,male,29.59635995399752,0,0,TICKET_577,1.187018503298471,,First
578,1,1,Passenger_578,male,37.03424422978963,0,0,TICKET_578,43.45626235442869,C577,First
579,1,3,Passenger_579,male,49.89609444367539,0,0,TICKET_579,24.056083249124963,,Third
580,1,2,Passenger_580,male,7.0512412452365645,1,1,TICKET_580,17.42416453468491,,Second
581,1,3,Passenger_581,male,,0,0,TICKET_581,104.55331934037243,,Third
582,1,2,Passenger_582,female,,1,0,TICKET_582,9.65261167538158,,Second
583,1,3,Passenger_583,male,50.88790735485913,0,0,TICKET_583,20.3095079719719,,Third
584,0,3,Passenger_584,male,22.221159576669137,1,0,TICKET_584,60.54575084757725,,Third
585,1,1,Passenger_585,male,18.75051380588787,0,0,TICKET_585,6.206246123998062,,First
586,1,2,Passenger_586,male,,0,0,TICKET_586,44.50891643096454,,Second
587,0,3,Passenger_587,female,26.704370676375046,0,0,TICKET_587,45.23350130980673,,Third
588,0,3,Passenger_588,male,39.71172135896647,0,0,TICKET_588,27.220375312708544,,Third
589,1,3,Passenger_589,male,0.42,0,2,TICKET_589,38.142312723302446,,Third
590,0,3,Passenger_590,male,14.408682642143502,1,0,TICKET_590,21.872577808712037,C589,Third
591,0,2,Passenger_591,male,19.88249651089073,0,0,TICKET_591,1.6284570478905056,,Second
592,0,3,Passenger_592,male,26.484324843133308,0,0,TICKET_592,2.6286227741960353,,Third
593,0,3,Passenger_593,female,26.13745511197504,0,0,TICKET_593,3.5930412192341707,,Third
594,0,1,Passenger_594,male,,0,6,TICKET_594,4.30063283109589,,First
595,0,2,Passenger_595,female,38.1795960128886,0,1,TICKET_595,1.7399442538757917,,Second
596,0,1,Passenger_596,male,22.365005307066593,0,0,TICKET_596,1.6345808270937157,C595,First
597,1,3,Passenger_597,female,6.356494787952201,3,0,TICKET_597,5.874941583560962,,Third
598,0,3,Passenger_598,male,29.21573392280505,1,0,TICKET_598,53.9160532442641,,Third
599,0,2,Passenger_599,male,32.21260899592602,0,1,TICKET_599,26.907452070348953,,Second
600,0,3,Passenger_600,female,16.797928792868827,1,0,TICKET_600,127.39327678829179,,Third
601,1,1,Passenger_601,male,56.11648784998074,0,0,TICKET_601,27.95498329797874,,First
602,1,1,Passenger_602,female,27.069328545220873,3,0,TICKET_602,27.66541091410781,,First
603,1,2,Passenger_603,male,22.75754623062039,3,6,TICKET_603,3.532973401312681,,Second
604,1,3,Passenger_604,male,53.334314457171544,0,1,TICKET_604,5.719305788828572,,Third
605,0,3,Passenger_605,male,7.162620577021464,0,0,TICKET_605,4.0678396302266595,,Third
606,1,1,Passenger_606,female,18.519752423640682,1,0,TICKET_606,19.349397612830906,,First
607,0,1,Passenger_607,male,17.434176457713875,0,0,TICKET_607,2.1411237010837754,,First
608,0,3,Passenger_608,male,25.1278284754813,0,0,TICKET_608,7.145852916671487,,Third
609,0,2,Passenger_609,male,62.658900513171105,0,0,TICKET_609,43.57839234733992,,Second
610,0,3,Passenger_610,female,,0,1,TICKET_610,2.676691835337674,,Third
611,1,1,Passenger_611,male,24.374730766089186,0,0,TICKET_611,2.0828310732019713,,First
612,0,3,Passenger_612,male,4.358970073070427,1,0,TICKET_612,3.348388179942309,,Third
613,0,3,Passenger_613,female,,0,2,TICKET_613,18.219342035260105,,Third
614,1,3,Passenger_614,male,24.387637415636537,0,0,TICKET_614,9.572645813947993,,Third
615,0,2,Passenger_615,male,38.82469906442109,0,0,TICKET_615,28.98275987681287,,Second
616,0,1,Passenger_616,male,,0,0,TICKET_616,47.71853755234938,,First
617,0,1,Passenger_617,male,64.3287579609368,0,0,TICKET_617,19.10770870755908,,First
618,1,3,Passenger_618,female,38.10695493617088,0,0,TICKET_618,8.48315724164453,,Third
619,1,3,Passenger_619,female,0.42,0,0,TICKET_619,9.386379038488966,,Third
620,0,1,Passenger_620,female,35.73421714325867,0,1,TICKET_620,1.7533895899297245,,First
621,1,1,Passenger_621,male,34.177828250784614,3,0,TICKET_621,3.221239990543773,,First
622,1,2,Passenger_622,male,8.353541094877691,0,1,TICKET_622,12.296559938240755,C621,Second
623,0,3,Passenger_623,male,30.741287029586218,3,0,TICKET_623,3.564020289644082,C622,Third
624,1,3,Passenger_624,male,27.138163816192527,0,0,TICKET_624,5.014009632867274,C623,Third
625,1,3,Passenger_625,female,,2,0,TICKET_625,28.30728283430324,,Third
626,0,3,Passenger_626,male,30.189105043603057,0,0,TICKET_626,8.015143605341338,C625,Third
627,1,3,Passenger_627,female,50.56964634443706,0,0,TICKET_627,10.740188786667783,,Third
628,1,3,Passenger_628,male,42.960954793286014,0,0,TICKET_628,27.128540860338003,,Third
629,0,3,Passenger_629,female,46.67323124100885,0,0,TICKET_629,11.430598051901885,,Third
630,0,2,Passenger_630,male,3.436193224098531,0,0,TICKET_630,13.59541452123524,,Second
631,0,2,Passenger_631,male,49.51150113520754,0,1,TICKET_631,3.35252250071395,,Second
632,0,3,Passenger_632,female,,0,0,TICKET_632,63.25339321740631,,Third
633,0,1,Passenger_633,male,19.022837162699588,0,1,TICKET_633,4.561715587923555,,First
634,1,3,Passenger_634,male,29.00662398970451,0,0,TICKET_634,12.799304338047937,,Third
635,0,3,Passenger_635,male,34.81975982880612,1,0,TICKET_635,20.42668879138832,C634,Third
636,1,2,Passenger_636,male,,0,1,TICKET_636,25.21760984340406,,Second
637,0,3,Passenger_637,male,5.028634288027789,1,0,TICKET_637,17.640077215193855,C636,Third
638,1,3,Passenger_638,female,43.1831591344866,0,0,TICKET_638,8.02532265701904,,Third
639,1,1,Passenger_639,female,,0,0,TICKET_639,1.445995557766939,,First
640,0,2,Passenger_640,male,36.00020778507617,1,0,TICKET_640,9.078795028245203,C639,Second
641,0,3,Passenger_641,male,23.187293339676522,1,0,TICKET_641,24.26565357959796,,Third
642,1,1,Passenger_642,male,,0,1,TICKET_642,14.204990517273997,C641,First
643,1,1,Passenger_643,male,,1,0,TICKET_643,20.127634040813003,,First
644,1,3,Passenger_644,female,38.5705777702508,0,0,TICKET_644,5.277772759409968,,Third
645,0,1,Passenger_645,male,,0,0,TICKET_645,16.56042874725801,,First
646,0,3,Passenger_646,male,35.64525538916968,0,0,TICKET_646,2.2964741791505667,C645,Third
647,1,3,Passenger_647,male,0.42,0,0,TICKET_647,5.657835012279571,,Third
648,1,3,Passenger_648,female,,0,1,TICKET_648,82.28283485661692,C647,Third
649,0,2,Passenger_649,female,49.03245763797237,0,6,TICKET_649,11.05710810079689,,Second
650,0,3,Passenger_650,male,48.972562240149614,0,0,TICKET_650,36.970231721099445,,Third
651,0,3,Passenger_651,male,27.804304903169484,2,0,TICKET_651,41.91165604640373,,Third
652,0,2,Passenger_652,male,29.79266121051794,2,0,TICKET_652,33.95301601717965,,Second
653,0,3,Passenger_653,female,34.73396584386474,0,0,TICKET_653,3.4688993273409516,,Third
654,1,2,Passenger_654,male,50.434247908132065,0,0,TICKET_654,1.9654793627475082,C653,Second
655,1,2,Passenger_655,female,,1,2,TICKET_655,0.29221108542996055,,Second
656,0,3,Passenger_656,male,55.73961351145609,0,0,TICKET_656,3.7031576586113246,,Third
657,0,1,Passenger_657,female,,0,2,TICKET_657,18.218258625970037,,First
658,1,1,Passenger_658,male,,0,0,TICKET_658,15.100709544195443,,First
659,1,2,Passenger_659,female,,1,0,TICKET_659,26.200652612328607,C658,Second
660,1,1,Passenger_660,male,42.4147702332609,0,0,TICKET_660,41.59751297376889,C659,First
661,0,1,Passenger_661,male,16.135638058691796,0,0,TICKET_661,1.3095448942400145,,First
662,1,3,Passenger_662,male,,1,0,TICKET_662,33.07288150971773,,Third
663,0,1,Passenger_663,male,42.15218210975529,1,0,TICKET_663,19.82116018146236,C662,First
664,0,2,Passenger_664,male,,1,1,TICKET_664,130.33429863565487,C663,Second
665,0,3,Passenger_665,female,40.53868169354789,0,0,TICKET_665,14.404146596650746,,Third
666,1,1,Passenger_666,female,,2,0,TICKET_666,4.06629918942932,C665,First
667,1,3,Passenger_667,male,31.968216737487538,0,1,TICKET_667,1.8925677228540796,,Third
668,0,2,Passenger_668,male,46.66778623638693,0,6,TICKET_668,15.88859498252561,,Second
669,0,3,Passenger_669,male,38.9614138636864,1,0,TICKET_669,5.8405244988571985,,Third
670,1,3,Passenger_670,male,8.457913325453191,0,0,TICKET_670,6.631048768349434,C669,Third
671,0,1,Passenger_671,female,43.67618511916868,0,0,TICKET_671,15.144630502049033,C670,First
672,0,2,Passenger_672,male,20.10484559324859,0,2,TICKET_672,4.487143809415508,,Second
673,1,1,Passenger_673,female,24.637135248094218,3,0,TICKET_673,9.50763977907373,,First
674,0,2,Passenger_674,male,18.587675524162464,0,0,TICKET_674,1.1748056116676548,,Second
675,0,3,Passenger_675,male,28.78677737927906,0,0,TICKET_675,33.07505812376115,C674,Third
676,0,3,Passenger_676,female,,0,0,TICKET_676,7.21174457943104,C675,Third
677,1,1,Passenger_677,female,46.81425536280611,0,0,TICKET_677,68.92122300891715,C676,First
678,0,3,Passenger_678,male,21.182666833768558,0,0,TICKET_678,6.3293231374953685,,Third
679,1,3,Passenger_679,female,,0,0,TICKET_679,8.038071881863246,,Third
680,0,3,Passenger_680,male,,1,0,TICKET_680,4.076430079403316,,Third
681,1,3,Passenger_681,male,44.62076527366304,1,1,TICKET_681,51.499037823030555,C680,Third
682,0,1,Passenger_682,male,17.858404638057785,0,0,TICKET_682,14.320868895037385,C681,First
683,0,3,Passenger_683,male,,0,0,TICKET_683,4.993995329386725,C682,Third
684,0,2,Passenger_684,male,13.881035819440196,0,1,TICKET_684,8.83888618407516,,Second
685,0,2,Passenger_685,male,19.13972088067422,1,0,TICKET_685,7.32952179919187,,Second
686,1,3,Passenger_686,male,47.723411464998264,0,0,TICKET_686,75.81117125990285,,Third
687,1,3,Passenger_687,female,50.8702991767016,1,0,TICKET_687,9.936309524596131,,Third
688,0,3,Passenger_688,female,20.250503268031927,1,0,TICKET_688,1.5705195763941573,,Third
689,0,3,Passenger_689,male,35.7895921492897,0,0,TICKET_689,5.30220912891405,,Third
690,0,1,Passenger_690,female,18.285244388112808,0,2,TICKET_690,6.944519841064164,,First
691,0,2,Passenger_691,male,42.76187976358829,1,0,TICKET_691,2.9767632351004636,,Second
692,0,1,Passenger_692,male,22.986682805060465,1,3,TICKET_692,10.700167417529556,,First
693,0,3,Passenger_693,female,35.27160694240346,0,0,TICKET_693,7.717982074773115,,Third
694,1,3,Passenger_694,male,21.519410218378958,1,1,TICKET_694,6.242554035076321,,Third
695,0,3,Passenger_695,male,42.07745353098697,0,0,TICKET_695,8.16019459449131,,Third
696,1,1,Passenger_696,female,,0,0,TICKET_696,67.25557210420098,,First
697,1,3,Passenger_697,male,38.170642292849315,0,0,TICKET_697,3.941479428042885,C696,Third
698,0,2,Passenger_698,male,,1,1,TICKET_698,32.70743374403581,,Second
699,0,1,Passenger_699,male,38.01031285185817,0,0,TICKET_699,15.40695175359819,,First
700,1,3,Passenger_700,female,32.105570804887016,0,2,TICKET_700,10.837978941502945,C699,Third
701,1,3,Passenger_701,male,,3,0,TICKET_701,25.328643827576826,,Third
702,0,3,Passenger_702,female,18.63101293086151,0,0,TICKET_702,19.977464318530394,C701,Third
703,1,3,Passenger_703,male,0.42,0,0,TICKET_703,10.992707453095964,,Third
704,0,2,Passenger_704,female,22.77431773634457,0,0,TICKET_704,26.08008241368553,,Second
705,1,3,Passenger_705,male,,0,1,TICKET_705,19.721827259016347,,Third
706,0,3,Passenger_706,female,0.42,0,0,TICKET_706,28.06713995314136,,Third
707,1,1,Passenger_707,male,46.969387908620135,0,1,TICKET_707,47.29084613849004,,First
708,1,3,Passenger_708,male,13.061799794019283,0,2,TICKET_708,1.7905208776834987,,Third
709,0,3,Passenger_709,male,30.72667155604862,0,0,TICKET_709,1.7949761564634168,,Third
710,0,3,Passenger_710,male,,1,0,TICKET_710,36.279619849453795,,Third
711,0,1,Passenger_711,male,,0,0,TICKET_711,22.60108954287595,,First
712,1,1,Passenger_712,male,,0,0,TICKET_712,216.0035586371253,,First
713,1,3,Passenger_713,male,30.580800947093767,2,1,TICKET_713,104.92304622332406,,Third
714,0,3,Passenger_714,female,7.883967769858671,0,1,TICKET_714,24.131770228921926,,Third
715,1,3,Passenger_715,female,12.565315273740122,0,0,TICKET_715,21.6148910089176,C714,Third
716,1,2,Passenger_716,male,,0,0,TICKET_716,27.11862520293387,,Second
717,0,3,Passenger_717,male,36.75497586837125,0,2,TICKET_717,5.818647563960086,,Third
718,1,3,Passenger_718,female,12.3232643457326,0,0,TICKET_718,93.32093525097217,,Third
719,0,2,Passenger_719,male,24.106597072288068,0,0,TICKET_719,21.862052912845975,,Second
720,0,2,Passenger_720,female,54.68633309903004,0,0,TICKET_720,89.57090583266204,,Second
721,0,2,Passenger_721,male,0.42,1,2,TICKET_721,0.4352995989340405,,Second
722,1,1,Passenger_722,female,12.879869041602358,0,0,TICKET_722,2.556758400850045,,First
723,1,1,Passenger_723,female,8.30052626001503,0,0,TICKET_723,4.136639280621552,,First
724,0,2,Passenger_724,male,48.43848388555594,0,0,TICKET_724,1.4444804220200589,,Second
725,1,2,Passenger_725,male,,1,0,TICKET_725,48.67013580043176,,Second
726,1,3,Passenger_726,female,17.48907948111665,1,0,TICKET_726,4.074032785175121,,Third
727,0,1,Passenger_727,female,,2,0,TICKET_727,9.863164693542243,,First
728,1,3,Passenger_728,male,2.4157403989603274,2,0,TICKET_728,20.094343777083015,,Third
729,0,3,Passenger_729,male,55.78152716126605,0,0,TICKET_729,7.490975816983231,,Third
730,0,3,Passenger_730,female,42.8729266556386,1,0,TICKET_730,6.7254961373015165,,Third
731,0,1,Passenger_731,female,30.573479222132818,0,0,TICKET_731,96.50202268782496,,First
732,1,3,Passenger_732,male,24.284573101301483,1,1,TICKET_732,19.15676322542868,,Third
733,0,3,Passenger_733,male,41.00029474098348,2,0,TICKET_733,32.014261462050044,,Third
734,0,2,Passenger_734,male,,1,1,TICKET_734,9.409919082428239,C733,Second
735,0,3,Passenger_735,male,31.021176155897802,1,0,TICKET_735,19.95475468657993,,Third
736,1,3,Passenger_736,female,38.99805959553614,0,0,TICKET_736,28.865645204323986,,Third
737,1,1,Passenger_737,female,25.25893210043416,0,0,TICKET_737,2.2510673765423967,,First
738,0,1,Passenger_738,female,19.583103426508107,2,0,TICKET_738,1.5939696698770904,,First
739,0,3,Passenger_739,female,49.59497435719962,0,0,TICKET_739,14.640069690173497,,Third
740,0,3,Passenger_740,male,,0,0,TICKET_740,15.230136948430692,,Third
741,1,3,Passenger_741,male,17.076639268031123,0,0,TICKET_741,10.355585160975373,,Third
742,1,1,Passenger_742,male,31.95639031917851,0,0,TICKET_742,7.495824757282242,,First
743,0,3,Passenger_743,male,68.26543748078639,0,1,TICKET_743,9.657575288671909,,Third
744,0,2,Passenger_744,male,,1,0,TICKET_744,39.37173741538164,,Second
745,1,1,Passenger_745,male,32.192319568564734,0,0,TICKET_745,18.248040575938873,,First
746,0,3,Passenger_746,female,37.169026168266825,0,0,TICKET_746,28.34252439314835,C745,Third
747,1,2,Passenger_747,male,,0,0,TICKET_747,3.586685828580865,,Second
748,1,2,Passenger_748,female,45.18523794932162,2,0,TICKET_748,28.208434453614853,,Second
749,1,3,Passenger_749,female,41.5195370982082,0,0,TICKET_749,7.479827970867867,,Third
750,1,1,Passenger_750,female,19.386000059784354,1,1,TICKET_750,20.46032202844025,C749,First
751,0,3,Passenger_751,female,37.39340437460384,3,0,TICKET_751,2.0510624044937535,,Third
752,0,3,Passenger_752,male,19.303264980998158,0,0,TICKET_752,2.205157449584554,C751,Third
753,0,1,Passenger_753,female,,0,0,TICKET_753,32.61120571861249,,First
754,1,3,Passenger_754,male,,0,0,TICKET_754,11.613882576799881,,Third
755,0,3,Passenger_755,male,25.546646786989292,0,0,TICKET_755,97.6456178417691,,Third
756,1,3,Passenger_756,male,38.17831932303261,0,2,TICKET_756,27.233710586017363,,Third
757,0,3,Passenger_757,male,40.32365230195731,0,0,TICKET_757,4.106307179175255,,Third
758,1,1,Passenger_758,male,40.94787879479738,0,0,TICKET_758,31.091267973614407,,First
759,0,3,Passenger_759,female,7.880030881394266,1,0,TICKET_759,14.009475985237504,,Third
760,1,1,Passenger_760,male,14.216828635411641,0,0,TICKET_760,31.92288122006253,,First
761,0,3,Passenger_761,male,29.559146548475596,0,0,TICKET_761,11.018072548817262,,Third
762,1,3,Passenger_762,male,,0,2,TICKET_762,6.632912224798796,,Third
763,0,2,Passenger_763,male,16.027949264635357,0,0,TICKET_763,21.142222627513302,C762,Second
764,1,3,Passenger_764,female,33.92820014864172,0,0,TICKET_764,81.95926648822945,,Third
765,1,3,Passenger_765,male,45.63132276524045,0,0,TICKET_765,22.674316391201522,,Third
766,0,3,Passenger_766,male,,0,0,TICKET_766,9.799506090840541,,Third
767,0,3,Passenger_767,male,30.183707276224304,1,0,TICKET_767,33.50331844647882,C766,Third
768,1,2,Passenger_768,female,42.73665789168025,0,2,TICKET_768,10.570386841607226,,Second
769,0,2,Passenger_769,male,,2,0,TICKET_769,16.20333921707522,,Second
770,1,3,Passenger_770,female,36.18981996178219,0,0,TICKET_770,4.239081013726584,,Third
771,1,1,Passenger_771,male,56.76018100223212,0,0,TICKET_771,134.1411507852806,,First
772,0,3,Passenger_772,male,60.62221557120796,0,0,TICKET_772,15.45585481895031,,Third
773,0,1,Passenger_773,female,33.39509537305847,0,1,TICKET_773,18.418909696120366,,First
774,1,3,Passenger_774,male,,1,0,TICKET_774,76.8386262795599,C773,Third
775,1,1,Passenger_775,male,29.843282945659567,0,0,TICKET_775,6.894791419622853,C774,First
776,0,3,Passenger_776,male,18.78648363310748,1,0,TICKET_776,6.313813772285822,,Third
777,0,3,Passenger_777,female,51.13066913195326,1,0,TICKET_777,14.589886303233971,,Third
778,0,3,Passenger_778,male,,1,0,TICKET_778,23.341533128530514,,Third
779,1,3,Passenger_779,female,26.5688858826632,0,2,TICKET_779,39.69281949465888,C778,Third
780,1,3,Passenger_780,male,38.219212211927044,0,0,TICKET_780,0.7434241619221162,,Third
781,1,3,Passenger_781,male,,0,0,TICKET_781,2.8672844740189953,,Third
782,0,3,Passenger_782,male,0.42,0,0,TICKET_782,7.755406416225599,C781,Third
783,0,3,Passenger_783,male,,0,0,TICKET_783,2.7104961344934395,,Third
784,0,1,Passenger_784,male,,0,0,TICKET_784,1.0814918527459576,,First
785,0,3,Passenger_785,female,,0,0,TICKET_785,4.011203443867843,,Third
786,1,2,Passenger_786,male,26.74158589448795,0,0,TICKET_786,0.4145954246129812,,Second
787,1,1,Passenger_787,male,44.15494507607005,0,0,TICKET_787,22.39162570259321,,First
788,1,1,Passenger_788,female,8.985222084441517,2,0,TICKET_788,9.919672350289243,,First
789,0,1,Passenger_789,male,30.826629438410922,0,0,TICKET_789,17.436089401532065,,First
790,0,3,Passenger_790,male,29.434531072809776,0,0,TICKET_790,4.315938770091332,C789,Third
791,0,2,Passenger_791,male,25.028015648520753,0,0,TICKET_791,10.83431127383558,,Second
792,0,3,Passenger_792,male,39.75791061248293,3,0,TICKET_792,32.15743240298589,,Third
793,1,2,Passenger_793,male,0.42,0,0,TICKET_793,17.16221519066684,C792,Second
794,0,3,Passenger_794,male,28.511023054382825,1,0,TICKET_794,77.47691361103495,,Third
795,0,1,Passenger_795,male,11.163988378795647,0,0,TICKET_795,37.59986375091296,,First
796,0,1,Passenger_796,male,47.15997757438778,0,0,TICKET_796,0.4179770322461096,,First
797,0,3,Passenger_797,female,39.90754085782188,0,3,TICKET_797,30.41722316635975,,Third
798,0,1,Passenger_798,male,,0,0,TICKET_798,41.46743317876756,,First
799,0,3,Passenger_799,male,40.041091446131546,1,0,TICKET_799,22.781998661384876,,Third
800,0,2,Passenger_800,male,6.222569480705463,0,0,TICKET_800,8.304711807848395,,Second
801,0,3,Passenger_801,female,5.079341062094503,0,2,TICKET_801,20.256014676638735,C800,Third
802,0,1,Passenger_802,male,31.783443634744067,0,0,TICKET_802,8.145145719256714,,First
803,0,2,Passenger_803,female,23.843827501439144,0,0,TICKET_803,17.032876214151447,,Second
804,1,3,Passenger_804,male,,2,0,TICKET_804,24.225025138709825,,Third
805,1,3,Passenger_805,female,,0,0,TICKET_805,15.146212901800089,,Third
806,0,1,Passenger_806,male,,0,0,TICKET_806,1.562173088443394,C805,First
807,0,3,Passenger_807,male,,2,1,TICKET_807,43.7981285411327,,Third
808,1,3,Passenger_808,male,49.326793519398265,4,0,TICKET_808,9.872364732367869,,Third
809,0,3,Passenger_809,male,28.703419761677775,0,0,TICKET_809,44.09235034366363,,Third
810,1,3,Passenger_810,male,46.05035044678117,0,0,TICKET_810,14.172083752558487,C809,Third
811,1,2,Passenger_811,female,8.251066468790427,0,0,TICKET_811,53.75134947998708,,Second
812,0,2,Passenger_812,male,42.77770396551243,0,0,TICKET_812,7.135349005368328,,Second
813,0,3,Passenger_813,male,18.144750380595084,4,1,TICKET_813,6.081981511094295,,Third
814,1,3,Passenger_814,male,34.20190897536594,0,2,TICKET_814,12.188762429373092,,Third
815,0,2,Passenger_815,male,13.34321691889664,0,0,TICKET_815,28.354164295837347,,Second
816,0,3,Passenger_816,female,30.5098595015794,0,0,TICKET_816,7.605833797806474,,Third
817,0,1,Passenger_817,female,,1,0,TICKET_817,11.533156705801094,,First
818,0,1,Passenger_818,male,,0,0,TICKET_818,17.144574136020935,,First
819,1,1,Passenger_819,male,38.11700972507883,0,0,TICKET_819,31.50838289522232,,First
820,0,3,Passenger_820,male,,0,0,TICKET_820,4.045210626571022,,Third
821,0,3,Passenger_821,male,,1,0,TICKET_821,43.05905998777684,C820,Third
822,0,3,Passenger_822,male,40.435078415070656,1,1,TICKET_822,5.082484560136378,,Third
823,1,1,Passenger_823,male,29.112317151976228,0,2,TICKET_823,17.2188684624908,,First
824,1,2,Passenger_824,male,,0,0,TICKET_824,27.99990643355934,,Second
825,0,3,Passenger_825,female,33.63573549443825,1,0,TICKET_825,6.974689065862931,,Third
826,1,2,Passenger_826,female,,0,0,TICKET_826,3.0234881268472336,,Second
827,0,2,Passenger_827,male,,0,0,TICKET_827,6.8674057803029855,,Second
828,1,2,Passenger_828,male,48.93137284561388,0,0,TICKET_828,26.497604406454435,C827,Second
829,0,3,Passenger_829,female,,0,0,TICKET_829,2.864637552503415,,Third
830,1,3,Passenger_830,female,34.367524222249635,3,1,TICKET_830,4.114333472060591,C829,Third
831,0,1,Passenger_831,male,25.983997100924565,1,0,TICKET_831,15.388433627283073,,First
832,1,3,Passenger_832,male,15.871706070892566,2,1,TICKET_832,7.708970693790709,,Third
833,0,3,Passenger_833,female,37.31991544878848,1,0,TICKET_833,4.094158122327329,C832,Third
834,0,1,Passenger_834,male,24.205526863045282,0,0,TICKET_834,7.296994144150053,,First
835,1,2,Passenger_835,female,22.587740648809138,0,0,TICKET_835,97.20999128121527,,Second
836,0,3,Passenger_836,male,2.5032764415536235,0,0,TICKET_836,21.043273745785655,,Third
837,0,3,Passenger_837,female,64.41838010908957,0,0,TICKET_837,10.244627703924754,,Third
838,0,1,Passenger_838,male,21.489741607634873,0,0,TICKET_838,40.318897340757,C837,First
839,1,3,Passenger_839,female,25.41390814213217,0,0,TICKET_839,6.048917113257025,,Third
840,0,3,Passenger_840,male,25.602191131543428,0,0,TICKET_840,14.81015197003587,,Third
841,1,2,Passenger_841,male,37.0513146341313,0,0,TICKET_841,0.7972294835003295,,Second
842,0,3,Passenger_842,male,33.222820119744014,1,0,TICKET_842,13.989961505420675,,Third
843,0,3,Passenger_843,male,47.159680933455455,1,0,TICKET_843,19.35333026708141,,Third
844,0,2,Passenger_844,female,19.804638474760942,0,0,TICKET_844,2.8305627698814706,,Second
845,1,1,Passenger_845,female,0.42,0,0,TICKET_845,4.150272722877145,,First
846,1,1,Passenger_846,female,,0,6,TICKET_846,218.14687241584213,C845,First
847,0,3,Passenger_847,female,52.2676561832443,2,1,TICKET_847,10.603937900544205,C846,Third
848,0,3,Passenger_848,female,15.887065553833015,0,0,TICKET_848,3.5432371009208725,,Third
849,0,3,Passenger_849,male,32.06788178502652,0,0,TICKET_849,15.680409304082671,,Third
850,0,2,Passenger_850,female,,0,0,TICKET_850,102.11986839363459,,Second
851,0,3,Passenger_851,male,47.24898116643591,0,2,TICKET_851,4.478206939757107,,Third
852,1,3,Passenger_852,male,19.308413845157176,0,6,TICKET_852,2.255306648795271,,Third
853,1,3,Passenger_853,female,21.767395406259258,3,2,TICKET_853,59.72598332241927,,Third
854,0,3,Passenger_854,male,33.30817166122398,0,0,TICKET_854,2.98218502425374,,Third
855,1,3,Passenger_855,male,47.38893192613302,0,0,TICKET_855,14.849951112326513,,Third
856,0,3,Passenger_856,male,24.36059009271214,1,0,TICKET_856,9.767473859577297,,Third
857,0,2,Passenger_857,male,,0,0,TICKET_857,9.167406625982158,C856,Second
858,0,3,Passenger_858,male,27.65886192920037,0,0,TICKET_858,39.89422452687316,C857,Third
859,1,2,Passenger_859,female,,0,1,TICKET_859,4.457444675795083,,Second
860,1,3,Passenger_860,male,45.01000110364653,0,1,TICKET_860,0.8368623159275251,,Third
861,1,3,Passenger_861,female,17.94670578173895,0,0,TICKET_861,26.603969845326805,C860,Third
862,1,3,Passenger_862,female,27.792654769082866,0,0,TICKET_862,49.71189361071664,,Third
863,1,3,Passenger_863,female,41.37343357264196,0,1,TICKET_863,6.365593491101545,,Third
864,1,1,Passenger_864,male,45.10802491881384,1,0,TICKET_864,2.5916746726795346,,First
865,0,3,Passenger_865,female,20.202696322758328,0,0,TICKET_865,12.234660090170683,,Third
866,1,3,Passenger_866,male,14.131951454286693,0,0,TICKET_866,5.254368272827917,,Third
867,1,2,Passenger_867,male,37.165696943815576,0,2,TICKET_867,3.4849618575829195,C866,Second
868,0,3,Passenger_868,male,45.340360441851885,1,0,TICKET_868,3.495270861703546,,Third
869,1,3,Passenger_869,female,35.01690861898348,0,1,TICKET_869,1.6401970010222955,,Third
870,0,1,Passenger_870,female,8.554820018409433,1,0,TICKET_870,8.009458513080283,C869,First
871,0,2,Passenger_871,male,21.362763071189683,0,1,TICKET_871,31.837497108968,,Second
872,0,1,Passenger_872,male,31.094632716207286,0,1,TICKET_872,23.35002267941926,,First
873,0,3,Passenger_873,male,25.363492717982165,0,0,TICKET_873,5.579868649988059,,Third
874,0,2,Passenger_874,male,,1,0,TICKET_874,1.3326013824205163,,Second
875,0,1,Passenger_875,female,21.436116193001496,0,0,TICKET_875,5.596282235034169,,First
876,0,2,Passenger_876,male,30.80789646970712,1,0,TICKET_876,8.454448190292752,,Second
877,1,1,Passenger_877,female,23.435948160348655,0,0,TICKET_877,1.3306311634381311,,First
878,0,1,Passenger_878,female,49.61122623449468,0,0,TICKET_878,23.460196928523178,C877,First
879,0,3,Passenger_879,male,37.538123218756155,0,0,TICKET_879,94.52624063966344,,Third
880,1,2,Passenger_880,male,19.109719073088584,1,1,TICKET_880,14.576200467977637,,Second
881,1,1,Passenger_881,male,42.07933255589652,0,0,TICKET_881,2.9300771948756066,,First
882,1,3,Passenger_882,female,47.464003349796386,0,0,TICKET_882,24.61156718674874,,Third
883,0,2,Passenger_883,male,23.039496321088958,0,0,TICKET_883,4.020934666406444,,Second
884,0,1,Passenger_884,male,2.2347575883599333,0,0,TICKET_884,6.851538101437765,,First
885,0,3,Passenger_885,female,5.073028001693476,1,0,TICKET_885,3.4732894117891058,C884,Third
886,1,3,Passenger_886,male,28.429829399167026,2,0,TICKET_886,93.2600614511594,C885,Third
887,1,3,Passenger_887,male,5.786241198160798,0,0,TICKET_887,16.789060232684005,,Third
888,0,1,Passenger_888,female,36.22963921435443,0,0,TICKET_888,5.9417034229805505,,First
889,0,2,Passenger_889,female,44.00220777952323,0,0,TICKET_889,49.0364328096493,C888,Second
890,1,1,Passenger_890,female,56.39679799300829,1,0,TICKET_890,347.7992350880668,C889,First
891,1,3,Passenger_891,female,25.500053711689546,1,1,TICKET_891,17.391508678578326,,Third
